,index,duration
0,0001.mp4,3
1,0002.mp4,2
2,0003.mp4,12
3,0004.mp4,1
4,0005.mp4,15
5,0006.mp4,4
6,0007.mp4,13
7,0008.mp4,1
8,0009.mp4,3
9,0010.mp4,1
10,0011.mp4,2
11,0012.mp4,4
12,0013.mp4,3
13,0014.mp4,15
14,0015.mp4,7
15,0016.mp4,0
16,0017.mp4,8
17,0018.mp4,7
18,0019.mp4,3
19,0020.mp4,14
20,0021.mp4,10
21,0022.mp4,14
22,0023.mp4,1
23,0024.mp4,15
24,0025.mp4,2
25,0026.mp4,0
26,0027.mp4,13
27,0028.mp4,1
28,0029.mp4,17
29,0030.mp4,2
30,0031.mp4,8
31,0032.mp4,15
32,0033.mp4,8
33,0034.mp4,25
34,0035.mp4,2
35,0036.mp4,1
36,0037.mp4,2
37,0038.mp4,10
38,0039.mp4,7
39,0040.mp4,14
40,0041.mp4,10
41,0042.mp4,4
42,0043.mp4,13
43,0044.mp4,2
44,0045.mp4,5
45,0046.mp4,6
46,0047.mp4,14
47,0048.mp4,4
48,0049.mp4,1
49,0050.mp4,4
50,0051.mp4,6
51,0052.mp4,5
52,0053.mp4,10
53,0054.mp4,3
54,0055.mp4,6
55,0056.mp4,15
56,0057.mp4,1
57,0058.mp4,4
58,0059.mp4,2
59,0060.mp4,5
60,0061.mp4,14
61,0062.mp4,10
62,0063.mp4,15
63,0064.mp4,7
64,0065.mp4,3
65,0066.mp4,31
66,0067.mp4,5
67,0068.mp4,2
68,0069.mp4,5
69,0070.mp4,13
70,0071.mp4,2
71,0072.mp4,1
72,0073.mp4,1
73,0074.mp4,2
74,0075.mp4,5
75,0076.mp4,15
76,0077.mp4,2
77,0078.mp4,1
78,0079.mp4,6
79,0080.mp4,3
80,0081.mp4,18
81,0082.mp4,8
82,0083.mp4,3
83,0084.mp4,5
84,0085.mp4,4
85,0086.mp4,15
86,0087.mp4,10
87,0088.mp4,6
88,0089.mp4,6
89,0090.mp4,0
90,0091.mp4,10
91,0092.mp4,4
92,0093.mp4,9
93,0094.mp4,4
94,0095.mp4,2
95,0096.mp4,3
96,0097.mp4,4
97,0098.mp4,15
98,0099.mp4,2
99,0100.mp4,15
100,0101.mp4,5
101,0102.mp4,5
102,0103.mp4,5
103,0104.mp4,4
104,0105.mp4,3
105,0106.mp4,1
106,0107.mp4,12
107,0108.mp4,4
108,0109.mp4,7
109,0110.mp4,1
110,0111.mp4,1
111,0112.mp4,1
112,0113.mp4,6
113,0114.mp4,2
114,0115.mp4,3
115,0116.mp4,3
116,0117.mp4,12
117,0118.mp4,9
118,0119.mp4,2
119,0120.mp4,4
120,0121.mp4,10
121,0122.mp4,14
122,0123.mp4,15
123,0124.mp4,1
124,0125.mp4,1
125,0126.mp4,10
126,0127.mp4,3
127,0128.mp4,15
128,0129.mp4,1
129,0130.mp4,2
130,0131.mp4,3
131,0132.mp4,30
132,0133.mp4,3
133,0134.mp4,3
134,0135.mp4,4
135,0136.mp4,1
136,0137.mp4,2
137,0138.mp4,0
138,0139.mp4,1
139,0140.mp4,15
140,0141.mp4,1
141,0142.mp4,1
142,0143.mp4,12
143,0144.mp4,3
144,0145.mp4,1
145,0146.mp4,15
146,0147.mp4,11
147,0148.mp4,4
148,0149.mp4,1
149,0150.mp4,2
150,0151.mp4,3
151,0152.mp4,4
152,0153.mp4,15
153,0154.mp4,13
154,0155.mp4,9
155,0156.mp4,2
156,0157.mp4,4
157,0158.mp4,2
158,0159.mp4,6
159,0160.mp4,2
160,0161.mp4,11
161,0162.mp4,4
162,0163.mp4,15
163,0164.mp4,4
164,0165.mp4,3
165,0166.mp4,1
166,0167.mp4,15
167,0168.mp4,1
168,0169.mp4,5
169,0170.mp4,2
170,0171.mp4,3
171,0172.mp4,4
172,0173.mp4,12
173,0174.mp4,4
174,0175.mp4,2
175,0176.mp4,14
176,0177.mp4,3
177,0178.mp4,2
178,0179.mp4,1
179,0180.mp4,1
180,0181.mp4,9
181,0182.mp4,1
182,0183.mp4,6
183,0184.mp4,3
184,0185.mp4,15
185,0186.mp4,0
186,0187.mp4,2
187,0188.mp4,8
188,0189.mp4,3
189,0190.mp4,2
190,0191.mp4,5
191,0192.mp4,6
192,0193.mp4,2
193,0194.mp4,6
194,0195.mp4,8
195,0196.mp4,4
196,0197.mp4,4
197,0198.mp4,6
198,0199.mp4,15
199,0200.mp4,10
200,0201.mp4,1
201,0202.mp4,7
202,0203.mp4,1
203,0204.mp4,4
204,0205.mp4,15
205,0206.mp4,8
206,0207.mp4,2
207,0208.mp4,1
208,0209.mp4,5
209,0210.mp4,10
210,0211.mp4,3
211,0212.mp4,1
212,0213.mp4,14
213,0214.mp4,3
214,0215.mp4,5
215,0216.mp4,6
216,0217.mp4,1
217,0218.mp4,4
218,0219.mp4,3
219,0220.mp4,1
220,0221.mp4,22
221,0222.mp4,5
222,0223.mp4,11
223,0224.mp4,9
224,0225.mp4,6
225,0226.mp4,4
226,0227.mp4,6
227,0228.mp4,7
228,0229.mp4,2
229,0230.mp4,15
230,0231.mp4,3
231,0232.mp4,7
232,0233.mp4,0
233,0234.mp4,3
234,0235.mp4,0
235,0236.mp4,1
236,0237.mp4,9
237,0238.mp4,8
238,0239.mp4,14
239,0240.mp4,13
240,0241.mp4,6
241,0242.mp4,1
242,0243.mp4,0
243,0244.mp4,11
244,0245.mp4,15
245,0246.mp4,15
246,0247.mp4,1
247,0248.mp4,3
248,0249.mp4,7
249,0250.mp4,12
250,0251.mp4,5
251,0252.mp4,1
252,0253.mp4,12
253,0254.mp4,4
254,0255.mp4,5
255,0256.mp4,2
256,0257.mp4,5
257,0258.mp4,15
258,0259.mp4,10
259,0260.mp4,7
260,0261.mp4,6
261,0262.mp4,13
262,0263.mp4,1
263,0264.mp4,6
264,0265.mp4,15
265,0266.mp4,17
266,0267.mp4,1
267,0268.mp4,2
268,0269.mp4,8
269,0270.mp4,2
270,0271.mp4,3
271,0272.mp4,3
272,0273.mp4,3
273,0274.mp4,0
274,0275.mp4,12
275,0276.mp4,4
276,0277.mp4,3
277,0278.mp4,1
278,0279.mp4,11
279,0280.mp4,4
280,0281.mp4,6
281,0282.mp4,9
282,0283.mp4,15
283,0284.mp4,5
284,0285.mp4,4
285,0286.mp4,3
286,0287.mp4,1
287,0288.mp4,5
288,0289.mp4,3
289,0290.mp4,0
290,0291.mp4,11
291,0292.mp4,3
292,0293.mp4,5
293,0294.mp4,13
294,0295.mp4,15
295,0296.mp4,13
296,0297.mp4,14
297,0298.mp4,10
298,0299.mp4,15
299,0300.mp4,3
300,0301.mp4,1
301,0302.mp4,15
302,0303.mp4,1
303,0304.mp4,4
304,0305.mp4,9
305,0306.mp4,1
306,0307.mp4,3
307,0308.mp4,5
308,0309.mp4,0
309,0310.mp4,3
310,0311.mp4,15
311,0312.mp4,4
312,0313.mp4,4
313,0314.mp4,5
314,0315.mp4,7
315,0316.mp4,9
316,0317.mp4,53
317,0318.mp4,2
318,0319.mp4,9
319,0320.mp4,3
320,0321.mp4,10
321,0322.mp4,10
322,0323.mp4,9
323,0324.mp4,9
324,0325.mp4,7
325,0326.mp4,8
326,0327.mp4,1
327,0328.mp4,9
328,0329.mp4,2
329,0330.mp4,6
330,0331.mp4,11
331,0332.mp4,16
332,0333.mp4,4
333,0334.mp4,2
334,0335.mp4,1
335,0336.mp4,15
336,0337.mp4,1
337,0338.mp4,16
338,0339.mp4,1
339,0340.mp4,6
340,0341.mp4,15
341,0342.mp4,2
342,0343.mp4,15
343,0344.mp4,1
344,0345.mp4,2
345,0346.mp4,2
346,0347.mp4,6
347,0348.mp4,1
348,0349.mp4,1
349,0350.mp4,0
350,0351.mp4,4
351,0352.mp4,6
352,0353.mp4,15
353,0354.mp4,2
354,0355.mp4,1
355,0356.mp4,8
356,0357.mp4,6
357,0358.mp4,2
358,0359.mp4,2
359,0360.mp4,4
360,0361.mp4,8
361,0362.mp4,1
362,0363.mp4,9
363,0364.mp4,16
364,0365.mp4,6
365,0366.mp4,13
366,0367.mp4,6
367,0368.mp4,0
368,0369.mp4,4
369,0370.mp4,6
370,0371.mp4,0
371,0372.mp4,2
372,0373.mp4,2
373,0374.mp4,6
374,0375.mp4,7
375,0376.mp4,5
376,0377.mp4,4
377,0378.mp4,1
378,0379.mp4,10
379,0380.mp4,3
380,0381.mp4,15
381,0382.mp4,8
382,0383.mp4,8
383,0384.mp4,1
384,0385.mp4,8
385,0386.mp4,6
386,0387.mp4,1
387,0388.mp4,5
388,0389.mp4,3
389,0390.mp4,3
390,0391.mp4,1
391,0392.mp4,1
392,0393.mp4,0
393,0394.mp4,11
394,0395.mp4,4
395,0396.mp4,1
396,0397.mp4,4
397,0398.mp4,7
398,0399.mp4,6
399,0400.mp4,5
400,0401.mp4,17
401,0402.mp4,5
402,0403.mp4,15
403,0404.mp4,15
404,0405.mp4,11
405,0406.mp4,12
406,0407.mp4,5
407,0408.mp4,5
408,0409.mp4,8
409,0410.mp4,5
410,0411.mp4,8
411,0412.mp4,27
412,0413.mp4,1
413,0414.mp4,12
414,0415.mp4,37
415,0416.mp4,2
416,0417.mp4,9
417,0418.mp4,1
418,0419.mp4,1
419,0420.mp4,1
420,0421.mp4,3
421,0422.mp4,3
422,0423.mp4,6
423,0424.mp4,15
424,0425.mp4,10
425,0426.mp4,12
426,0427.mp4,1
427,0428.mp4,4
428,0429.mp4,1
429,0430.mp4,3
430,0431.mp4,2
431,0432.mp4,3
432,0433.mp4,1
433,0434.mp4,0
434,0435.mp4,1
435,0436.mp4,15
436,0437.mp4,0
437,0438.mp4,3
438,0439.mp4,4
439,0440.mp4,5
440,0441.mp4,2
441,0442.mp4,8
442,0443.mp4,15
443,0444.mp4,4
444,0445.mp4,23
445,0446.mp4,15
446,0447.mp4,4
447,0448.mp4,4
448,0449.mp4,0
449,0450.mp4,2
450,0451.mp4,15
451,0452.mp4,3
452,0453.mp4,1
453,0454.mp4,12
454,0455.mp4,3
455,0456.mp4,1
456,0457.mp4,1
457,0458.mp4,0
458,0459.mp4,2
459,0460.mp4,2
460,0461.mp4,15
461,0462.mp4,3
462,0463.mp4,1
463,0464.mp4,3
464,0465.mp4,1
465,0466.mp4,10
466,0467.mp4,1
467,0468.mp4,2
468,0469.mp4,5
469,0470.mp4,3
470,0471.mp4,20
471,0472.mp4,4
472,0473.mp4,2
473,0474.mp4,6
474,0475.mp4,1
475,0476.mp4,4
476,0477.mp4,9
477,0478.mp4,0
478,0479.mp4,4
479,0480.mp4,3
480,0481.mp4,13
481,0482.mp4,3
482,0483.mp4,15
483,0484.mp4,16
484,0485.mp4,2
485,0486.mp4,3
486,0487.mp4,14
487,0488.mp4,6
488,0489.mp4,2
489,0490.mp4,4
490,0491.mp4,6
491,0492.mp4,1
492,0493.mp4,3
493,0494.mp4,15
494,0495.mp4,1
495,0496.mp4,2
496,0497.mp4,5
497,0498.mp4,11
498,0499.mp4,0
499,0500.mp4,17
500,0501.mp4,0
501,0502.mp4,3
502,0503.mp4,4
503,0504.mp4,4
504,0505.mp4,1
505,0506.mp4,12
506,0507.mp4,2
507,0508.mp4,3
508,0509.mp4,13
509,0510.mp4,7
510,0511.mp4,0
511,0512.mp4,1
512,0513.mp4,6
513,0514.mp4,3
514,0515.mp4,1
515,0516.mp4,0
516,0517.mp4,3
517,0518.mp4,7
518,0519.mp4,2
519,0520.mp4,2
520,0521.mp4,4
521,0522.mp4,5
522,0523.mp4,4
523,0524.mp4,10
524,0525.mp4,2
525,0526.mp4,15
526,0527.mp4,1
527,0528.mp4,3
528,0529.mp4,1
529,0530.mp4,0
530,0531.mp4,4
531,0532.mp4,5
532,0533.mp4,1
533,0534.mp4,12
534,0535.mp4,0
535,0536.mp4,3
536,0537.mp4,4
537,0538.mp4,22
538,0539.mp4,1
539,0540.mp4,5
540,0541.mp4,3
541,0542.mp4,0
542,0543.mp4,8
543,0544.mp4,2
544,0545.mp4,1
545,0546.mp4,3
546,0547.mp4,2
547,0548.mp4,4
548,0549.mp4,14
549,0550.mp4,14
550,0551.mp4,2
551,0552.mp4,3
552,0553.mp4,1
553,0554.mp4,1
554,0555.mp4,1
555,0556.mp4,0
556,0557.mp4,1
557,0558.mp4,9
558,0559.mp4,15
559,0560.mp4,3
560,0561.mp4,3
561,0562.mp4,2
562,0563.mp4,7
563,0564.mp4,4
564,0565.mp4,6
565,0566.mp4,5
566,0567.mp4,2
567,0568.mp4,8
568,0569.mp4,5
569,0570.mp4,17
570,0571.mp4,4
571,0572.mp4,3
572,0573.mp4,3
573,0574.mp4,5
574,0575.mp4,4
575,0576.mp4,15
576,0577.mp4,4
577,0578.mp4,4
578,0579.mp4,4
579,0580.mp4,1
580,0581.mp4,4
581,0582.mp4,15
582,0583.mp4,8
583,0584.mp4,1
584,0585.mp4,5
585,0586.mp4,6
586,0587.mp4,2
587,0588.mp4,2
588,0589.mp4,0
589,0590.mp4,2
590,0591.mp4,14
591,0592.mp4,9
592,0593.mp4,15
593,0594.mp4,5
594,0595.mp4,15
595,0596.mp4,3
596,0597.mp4,11
597,0598.mp4,7
598,0599.mp4,5
599,0600.mp4,6
600,0601.mp4,1
601,0602.mp4,4
602,0603.mp4,15
603,0604.mp4,4
604,0605.mp4,3
605,0606.mp4,10
606,0607.mp4,16
607,0608.mp4,2
608,0609.mp4,6
609,0610.mp4,53
610,0611.mp4,10
611,0612.mp4,9
612,0613.mp4,39
613,0614.mp4,15
614,0615.mp4,6
615,0616.mp4,10
616,0617.mp4,2
617,0618.mp4,8
618,0619.mp4,15
619,0620.mp4,9
620,0621.mp4,14
621,0622.mp4,5
622,0623.mp4,2
623,0624.mp4,5
624,0625.mp4,6
625,0626.mp4,11
626,0627.mp4,2
627,0628.mp4,5
628,0629.mp4,2
629,0630.mp4,2
630,0631.mp4,3
631,0632.mp4,11
632,0633.mp4,2
633,0634.mp4,29
634,0635.mp4,2
635,0636.mp4,2
636,0637.mp4,2
637,0638.mp4,3
638,0639.mp4,2
639,0640.mp4,2
640,0641.mp4,1
641,0642.mp4,5
642,0643.mp4,14
643,0644.mp4,2
644,0645.mp4,1
645,0646.mp4,5
646,0647.mp4,1
647,0648.mp4,4
648,0649.mp4,1
649,0650.mp4,2
650,0651.mp4,10
651,0652.mp4,4
652,0653.mp4,3
653,0654.mp4,2
654,0655.mp4,4
655,0656.mp4,2
656,0657.mp4,15
657,0658.mp4,5
658,0659.mp4,4
659,0660.mp4,15
660,0661.mp4,2
661,0662.mp4,22
662,0663.mp4,2
663,0664.mp4,11
664,0665.mp4,3
665,0666.mp4,8
666,0667.mp4,6
667,0668.mp4,7
668,0669.mp4,1
669,0670.mp4,15
670,0671.mp4,5
671,0672.mp4,15
672,0673.mp4,1
673,0674.mp4,10
674,0675.mp4,20
675,0676.mp4,12
676,0677.mp4,15
677,0678.mp4,3
678,0679.mp4,8
679,0680.mp4,19
680,0681.mp4,3
681,0682.mp4,2
682,0683.mp4,3
683,0684.mp4,12
684,0685.mp4,3
685,0686.mp4,6
686,0687.mp4,5
687,0688.mp4,12
688,0689.mp4,6
689,0690.mp4,2
690,0691.mp4,2
691,0692.mp4,2
692,0693.mp4,1
693,0694.mp4,1
694,0695.mp4,0
695,0696.mp4,2
696,0697.mp4,2
697,0698.mp4,10
698,0699.mp4,10
699,0700.mp4,10
700,0701.mp4,2
701,0702.mp4,4
702,0703.mp4,1
703,0704.mp4,2
704,0705.mp4,13
705,0706.mp4,6
706,0707.mp4,0
707,0708.mp4,15
708,0709.mp4,0
709,0710.mp4,0
710,0711.mp4,1
711,0712.mp4,1
712,0713.mp4,5
713,0714.mp4,19
714,0715.mp4,1
715,0716.mp4,6
716,0717.mp4,1
717,0718.mp4,4
718,0719.mp4,7
719,0720.mp4,10
720,0721.mp4,4
721,0722.mp4,6
722,0723.mp4,3
723,0724.mp4,17
724,0725.mp4,15
725,0726.mp4,3
726,0727.mp4,7
727,0728.mp4,5
728,0729.mp4,2
729,0730.mp4,4
730,0731.mp4,6
731,0732.mp4,10
732,0733.mp4,2
733,0734.mp4,8
734,0735.mp4,49
735,0736.mp4,1
736,0737.mp4,1
737,0738.mp4,10
738,0739.mp4,5
739,0740.mp4,2
740,0741.mp4,3
741,0742.mp4,5
742,0743.mp4,2
743,0744.mp4,6
744,0745.mp4,5
745,0746.mp4,4
746,0747.mp4,10
747,0748.mp4,4
748,0749.mp4,2
749,0750.mp4,6
750,0751.mp4,4
751,0752.mp4,1
752,0753.mp4,8
753,0754.mp4,0
754,0755.mp4,6
755,0756.mp4,2
756,0757.mp4,2
757,0758.mp4,2
758,0759.mp4,8
759,0760.mp4,1
760,0760.mp4,1
761,0761.mp4,1
762,0762.mp4,15
763,0763.mp4,51
764,0764.mp4,1
765,0765.mp4,5
766,0766.mp4,1
767,0767.mp4,42
768,0768.mp4,5
769,0769.mp4,5
770,0770.mp4,3
771,0771.mp4,6
772,0772.mp4,2
773,0773.mp4,2
774,0774.mp4,7
775,0775.mp4,4
776,0776.mp4,15
777,0777.mp4,10
778,0778.mp4,15
779,0779.mp4,2
780,0780.mp4,1
781,0781.mp4,4
782,0782.mp4,4
783,0783.mp4,5
784,0784.mp4,2
785,0785.mp4,2
786,0786.mp4,7
787,0787.mp4,4
788,0788.mp4,15
789,0789.mp4,3
790,0790.mp4,3
791,0791.mp4,4
792,0792.mp4,1
793,0793.mp4,2
794,0794.mp4,10
795,0795.mp4,1
796,0796.mp4,3
797,0797.mp4,11
798,0798.mp4,3
799,0799.mp4,7
800,0800.mp4,15
801,0801.mp4,2
802,0802.mp4,1
803,0803.mp4,2
804,0804.mp4,7
805,0805.mp4,76
806,0806.mp4,16
807,0807.mp4,18
808,0808.mp4,6
809,0809.mp4,1
810,0810.mp4,1
811,0811.mp4,1
812,0812.mp4,1
813,0813.mp4,1
814,0814.mp4,2
815,0815.mp4,5
816,0816.mp4,2
817,0817.mp4,15
818,0818.mp4,0
819,0819.mp4,1
820,0820.mp4,2
821,0821.mp4,1
822,0822.mp4,6
823,0823.mp4,7
824,0824.mp4,4
825,0825.mp4,73
826,0826.mp4,1
827,0827.mp4,9
828,0828.mp4,1
829,0829.mp4,2
830,0830.mp4,2
831,0831.mp4,9
832,0832.mp4,2
833,0833.mp4,3
834,0834.mp4,3
835,0835.mp4,2
836,0836.mp4,3
837,0837.mp4,2
838,0838.mp4,1
839,0839.mp4,6
840,0840.mp4,5
841,0841.mp4,1
842,0842.mp4,12
843,0843.mp4,4
844,0844.mp4,4
845,0845.mp4,9
846,0846.mp4,13
847,0847.mp4,7
848,0848.mp4,1
849,0849.mp4,1
850,0850.mp4,4
851,0851.mp4,15
852,0852.mp4,14
853,0853.mp4,3
854,0854.mp4,2
855,0855.mp4,4
856,0856.mp4,5
857,0857.mp4,5
858,0858.mp4,5
859,0859.mp4,4
860,0860.mp4,5
861,0861.mp4,5
862,0862.mp4,1
863,0863.mp4,6
864,0864.mp4,6
865,0865.mp4,5
866,0866.mp4,10
867,0867.mp4,1
868,0868.mp4,2
869,0869.mp4,6
870,0870.mp4,6
871,0871.mp4,2
872,0872.mp4,5
873,0873.mp4,9
874,0874.mp4,8
875,0875.mp4,15
876,0876.mp4,3
877,0877.mp4,7
878,0878.mp4,1
879,0879.mp4,90
880,0880.mp4,1
881,0881.mp4,4
882,0882.mp4,5
883,0883.mp4,2
884,0884.mp4,4
885,0885.mp4,12
886,0886.mp4,13
887,0887.mp4,1
888,0888.mp4,1
889,0889.mp4,3
890,0890.mp4,5
891,0891.mp4,3
892,0892.mp4,11
893,0893.mp4,0
894,0894.mp4,15
895,0895.mp4,1
896,0896.mp4,1
897,0897.mp4,6
898,0898.mp4,2
899,0899.mp4,6
900,0900.mp4,15
901,0901.mp4,0
902,0902.mp4,1
903,0903.mp4,10
904,0904.mp4,13
905,0905.mp4,4
906,0906.mp4,2
907,0907.mp4,2
908,0908.mp4,15
909,0909.mp4,2
910,0910.mp4,7
911,0911.mp4,4
912,0912.mp4,10
913,0913.mp4,15
914,0914.mp4,4
915,0915.mp4,15
916,0916.mp4,3
917,0917.mp4,4
918,0918.mp4,3
919,0919.mp4,3
920,0920.mp4,5
921,0921.mp4,4
922,0922.mp4,2
923,0923.mp4,30
924,0924.mp4,1
925,0925.mp4,15
926,0926.mp4,10
927,0927.mp4,5
928,0928.mp4,5
929,0929.mp4,5
930,0930.mp4,5
931,0931.mp4,3
932,0932.mp4,3
933,0933.mp4,10
934,0934.mp4,6
935,0935.mp4,4
936,0936.mp4,3
937,0937.mp4,10
938,0938.mp4,3
939,0939.mp4,2
940,0940.mp4,4
941,0941.mp4,7
942,0942.mp4,2
943,0943.mp4,2
944,0944.mp4,2
945,0945.mp4,6
946,0946.mp4,4
947,0947.mp4,11
948,0948.mp4,10
949,0949.mp4,9
950,0950.mp4,4
951,0951.mp4,1
952,0952.mp4,4
953,0953.mp4,6
954,0954.mp4,0
955,0955.mp4,3
956,0956.mp4,4
957,0957.mp4,2
958,0958.mp4,6
959,0959.mp4,4
960,0960.mp4,40
961,0961.mp4,1
962,0962.mp4,15
963,0963.mp4,1
964,0964.mp4,2
965,0965.mp4,9
966,0966.mp4,5
967,0967.mp4,3
968,0968.mp4,4
969,0969.mp4,2
970,0970.mp4,15
971,0971.mp4,2
972,0972.mp4,1
973,0973.mp4,17
974,0974.mp4,5
975,0975.mp4,5
976,0976.mp4,2
977,0977.mp4,1
978,0978.mp4,2
979,0979.mp4,1
980,0980.mp4,15
981,0981.mp4,13
982,0982.mp4,2
983,0983.mp4,3
984,0984.mp4,13
985,0985.mp4,3
986,0986.mp4,5
987,0987.mp4,2
988,0988.mp4,3
989,0989.mp4,1
990,0990.mp4,10
991,0991.mp4,16
992,0992.mp4,15
993,0993.mp4,4
994,0994.mp4,35
995,0995.mp4,1
996,0996.mp4,2
997,0997.mp4,3
998,0998.mp4,10
999,0999.mp4,3
1000,1000.mp4,7
1001,1001.mp4,20
1002,1002.mp4,7
1003,1003.mp4,2
1004,1004.mp4,5
1005,1005.mp4,9
1006,1006.mp4,5
1007,1007.mp4,15
1008,1008.mp4,3
1009,1009.mp4,3
1010,1010.mp4,15
1011,1011.mp4,6
1012,1012.mp4,3
1013,1013.mp4,1
1014,1014.mp4,8
1015,1015.mp4,10
1016,1016.mp4,2
1017,1017.mp4,15
1018,1018.mp4,2
1019,1019.mp4,8
1020,1020.mp4,3
1021,1021.mp4,5
1022,1022.mp4,2
1023,1023.mp4,4
1024,1024.mp4,1
1025,1025.mp4,1
1026,1026.mp4,5
1027,1027.mp4,6
1028,1028.mp4,2
1029,1029.mp4,3
1030,1030.mp4,2
1031,1031.mp4,1
1032,1032.mp4,1
1033,1033.mp4,5
1034,1034.mp4,5
1035,1035.mp4,5
1036,1036.mp4,12
1037,1037.mp4,4
1038,1038.mp4,1
1039,1039.mp4,8
1040,1040.mp4,10
1041,1041.mp4,2
1042,1042.mp4,7
1043,1043.mp4,3
1044,1044.mp4,2
1045,1045.mp4,1
1046,1046.mp4,6
1047,1047.mp4,2
1048,1048.mp4,3
1049,1049.mp4,4
1050,1050.mp4,5
1051,1051.mp4,0
1052,1052.mp4,0
1053,1053.mp4,0
1054,1054.mp4,3
1055,1055.mp4,1
1056,1056.mp4,1
1057,1057.mp4,2
1058,1058.mp4,2
1059,1059.mp4,3
1060,1060.mp4,2
1061,1061.mp4,10
1062,1062.mp4,2
1063,1063.mp4,5
1064,1064.mp4,7
1065,1065.mp4,6
1066,1066.mp4,15
1067,1067.mp4,4
1068,1068.mp4,22
1069,1069.mp4,0
1070,1070.mp4,2
1071,1071.mp4,2
1072,1072.mp4,14
1073,1073.mp4,3
1074,1074.mp4,2
1075,1075.mp4,3
1076,1076.mp4,15
1077,1077.mp4,15
1078,1078.mp4,1
1079,1079.mp4,4
1080,1080.mp4,8
1081,1081.mp4,5
1082,1082.mp4,7
1083,1083.mp4,2
1084,1084.mp4,8
1085,1085.mp4,11
1086,1086.mp4,3
1087,1087.mp4,1
1088,1088.mp4,12
1089,1089.mp4,9
1090,1090.mp4,6
1091,1091.mp4,10
1092,1092.mp4,1
1093,1093.mp4,5
1094,1094.mp4,1
1095,1095.mp4,10
1096,1096.mp4,3
1097,1097.mp4,15
1098,1098.mp4,13
1099,1099.mp4,9
1100,1100.mp4,7
1101,1101.mp4,5
1102,1102.mp4,4
1103,1103.mp4,10
1104,1104.mp4,5
1105,1105.mp4,4
1106,1106.mp4,1
1107,1107.mp4,1
1108,1108.mp4,2
1109,1109.mp4,6
1110,1110.mp4,1
1111,1111.mp4,1
1112,1112.mp4,11
1113,1113.mp4,29
1114,1114.mp4,4
1115,1115.mp4,2
1116,1116.mp4,2
1117,1117.mp4,0
1118,1118.mp4,1
1119,1119.mp4,4
1120,1120.mp4,1
1121,1121.mp4,15
1122,1122.mp4,3
1123,1123.mp4,2
1124,1124.mp4,15
1125,1125.mp4,1
1126,1126.mp4,1
1127,1127.mp4,1
1128,1128.mp4,13
1129,1129.mp4,1
1130,1130.mp4,7
1131,1131.mp4,4
1132,1132.mp4,5
1133,1133.mp4,1
1134,1134.mp4,15
1135,1135.mp4,5
1136,1136.mp4,2
1137,1137.mp4,2
1138,1138.mp4,14
1139,1139.mp4,4
1140,1140.mp4,1
1141,1141.mp4,13
1142,1142.mp4,7
1143,1143.mp4,3
1144,1144.mp4,25
1145,1145.mp4,6
1146,1146.mp4,14
1147,1147.mp4,7
1148,1148.mp4,15
1149,1149.mp4,1
1150,1150.mp4,9
1151,1151.mp4,3
1152,1152.mp4,7
1153,1153.mp4,5
1154,1154.mp4,16
1155,1155.mp4,36
1156,1156.mp4,15
1157,1157.mp4,7
1158,1158.mp4,5
1159,1159.mp4,4
1160,1160.mp4,5
1161,1161.mp4,22
1162,1162.mp4,1
1163,1163.mp4,9
1164,1164.mp4,2
1165,1165.mp4,10
1166,1166.mp4,2
1167,1167.mp4,4
1168,1168.mp4,8
1169,1169.mp4,2
1170,1170.mp4,1
1171,1171.mp4,5
1172,1172.mp4,15
1173,1173.mp4,16
1174,1174.mp4,2
1175,1175.mp4,39
1176,1176.mp4,0
1177,1177.mp4,3
1178,1178.mp4,6
1179,1179.mp4,1
1180,1180.mp4,10
1181,1181.mp4,5
1182,1182.mp4,5
1183,1183.mp4,3
1184,1184.mp4,39
1185,1185.mp4,5
1186,1186.mp4,5
1187,1187.mp4,8
1188,1188.mp4,2
1189,1189.mp4,10
1190,1190.mp4,5
1191,1191.mp4,5
1192,1192.mp4,3
1193,1193.mp4,0
1194,1194.mp4,1
1195,1195.mp4,5
1196,1196.mp4,0
1197,1197.mp4,2
1198,1198.mp4,7
1199,1199.mp4,17
1200,1200.mp4,6
1201,1201.mp4,3
1202,1202.mp4,7
1203,1203.mp4,1
1204,1204.mp4,2
1205,1205.mp4,1
1206,1206.mp4,9
1207,1207.mp4,2
1208,1208.mp4,4
1209,1209.mp4,6
1210,1210.mp4,2
1211,1211.mp4,4
1212,1212.mp4,9
1213,1213.mp4,9
1214,1214.mp4,0
1215,1215.mp4,15
1216,1216.mp4,2
1217,1217.mp4,2
1218,1218.mp4,9
1219,1219.mp4,5
1220,1220.mp4,2
1221,1221.mp4,4
1222,1222.mp4,1
1223,1223.mp4,11
1224,1224.mp4,3
1225,1225.mp4,6
1226,1226.mp4,8
1227,1227.mp4,4
1228,1228.mp4,1
1229,1229.mp4,11
1230,1230.mp4,1
1231,1231.mp4,2
1232,1232.mp4,1
1233,1233.mp4,2
1234,1234.mp4,10
1235,1235.mp4,11
1236,1236.mp4,2
1237,1237.mp4,15
1238,1238.mp4,9
1239,1239.mp4,13
1240,1240.mp4,1
1241,1241.mp4,12
1242,1242.mp4,3
1243,1243.mp4,7
1244,1244.mp4,3
1245,1245.mp4,4
1246,1246.mp4,10
1247,1247.mp4,3
1248,1248.mp4,0
1249,1249.mp4,3
1250,1250.mp4,9
1251,1251.mp4,2
1252,1252.mp4,8
1253,1253.mp4,9
1254,1254.mp4,10
1255,1255.mp4,6
1256,1256.mp4,3
1257,1257.mp4,19
1258,1258.mp4,2
1259,1259.mp4,2
1260,1260.mp4,7
1261,1261.mp4,8
1262,1262.mp4,3
1263,1263.mp4,18
1264,1264.mp4,8
1265,1265.mp4,16
1266,1266.mp4,5
1267,1267.mp4,5
1268,1268.mp4,5
1269,1269.mp4,15
1270,1270.mp4,15
1271,1271.mp4,10
1272,1272.mp4,1
1273,1273.mp4,3
1274,1274.mp4,15
1275,1275.mp4,7
1276,1276.mp4,11
1277,1277.mp4,7
1278,1278.mp4,2
1279,1279.mp4,4
1280,1280.mp4,1
1281,1281.mp4,5
1282,1282.mp4,3
1283,1283.mp4,7
1284,1284.mp4,4
1285,1285.mp4,5
1286,1286.mp4,10
1287,1287.mp4,4
1288,1288.mp4,1
1289,1289.mp4,8
1290,1290.mp4,9
1291,1291.mp4,13
1292,1292.mp4,8
1293,1293.mp4,1
1294,1294.mp4,6
1295,1295.mp4,3
1296,1296.mp4,6
1297,1297.mp4,5
1298,1298.mp4,39
1299,1299.mp4,1
1300,1300.mp4,5
1301,1301.mp4,16
1302,1302.mp4,4
1303,1303.mp4,1
1304,1304.mp4,5
1305,1305.mp4,1
1306,1306.mp4,15
1307,1307.mp4,0
1308,1308.mp4,1
1309,1309.mp4,3
1310,1310.mp4,3
1311,1311.mp4,1
1312,1312.mp4,1
1313,1313.mp4,3
1314,1314.mp4,2
1315,1315.mp4,2
1316,1316.mp4,5
1317,1317.mp4,7
1318,1318.mp4,14
1319,1319.mp4,1
1320,1320.mp4,8
1321,1321.mp4,3
1322,1322.mp4,10
1323,1323.mp4,7
1324,1324.mp4,3
1325,1325.mp4,43
1326,1326.mp4,13
1327,1327.mp4,1
1328,1328.mp4,12
1329,1329.mp4,3
1330,1330.mp4,3
1331,1331.mp4,20
1332,1332.mp4,12
1333,1333.mp4,2
1334,1334.mp4,5
1335,1335.mp4,15
1336,1336.mp4,4
1337,1337.mp4,3
1338,1338.mp4,1
1339,1339.mp4,15
1340,1340.mp4,2
1341,1341.mp4,1
1342,1342.mp4,10
1343,1343.mp4,9
1344,1344.mp4,9
1345,1345.mp4,6
1346,1346.mp4,16
1347,1347.mp4,1
1348,1348.mp4,1
1349,1349.mp4,2
1350,1350.mp4,3
1351,1351.mp4,2
1352,1352.mp4,3
1353,1353.mp4,2
1354,1354.mp4,1
1355,1355.mp4,1
1356,1356.mp4,15
1357,1357.mp4,1
1358,1358.mp4,29
1359,1359.mp4,2
1360,1360.mp4,2
1361,1361.mp4,3
1362,1362.mp4,12
1363,1363.mp4,2
1364,1364.mp4,48
1365,1365.mp4,3
1366,1366.mp4,2
1367,1367.mp4,5
1368,1368.mp4,13
1369,1369.mp4,7
1370,1370.mp4,1
1371,1371.mp4,2
1372,1372.mp4,4
1373,1373.mp4,2
1374,1374.mp4,4
1375,1375.mp4,2
1376,1376.mp4,4
1377,1377.mp4,2
1378,1378.mp4,2
1379,1379.mp4,2
1380,1380.mp4,2
1381,1381.mp4,1
1382,1382.mp4,1
1383,1383.mp4,2
1384,1384.mp4,10
1385,1385.mp4,1
1386,1386.mp4,15
1387,1387.mp4,15
1388,1388.mp4,4
1389,1389.mp4,5
1390,1390.mp4,1
1391,1391.mp4,17
1392,1392.mp4,7
1393,1393.mp4,10
1394,1394.mp4,0
1395,1395.mp4,9
1396,1396.mp4,3
1397,1397.mp4,3
1398,1398.mp4,10
1399,1399.mp4,6
1400,1400.mp4,1
1401,1401.mp4,4
1402,1402.mp4,4
1403,1403.mp4,4
1404,1404.mp4,3
1405,1405.mp4,4
1406,1406.mp4,10
1407,1407.mp4,1
1408,1408.mp4,4
1409,1409.mp4,3
1410,1410.mp4,3
1411,1411.mp4,3
1412,1412.mp4,11
1413,1413.mp4,1
1414,1414.mp4,3
1415,1415.mp4,3
1416,1416.mp4,0
1417,1417.mp4,7
1418,1418.mp4,1
1419,1419.mp4,6
1420,1420.mp4,7
1421,1421.mp4,3
1422,1422.mp4,15
1423,1423.mp4,5
1424,1424.mp4,4
1425,1425.mp4,1
1426,1426.mp4,0
1427,1427.mp4,1
1428,1428.mp4,5
1429,1429.mp4,0
1430,1430.mp4,15
1431,1431.mp4,1
1432,1432.mp4,15
1433,1433.mp4,10
1434,1434.mp4,2
1435,1435.mp4,2
1436,1436.mp4,4
1437,1437.mp4,4
1438,1438.mp4,4
1439,1439.mp4,1
1440,1440.mp4,7
1441,1441.mp4,2
1442,1442.mp4,7
1443,1443.mp4,1
1444,1444.mp4,2
1445,1445.mp4,3
1446,1446.mp4,3
1447,1447.mp4,4
1448,1448.mp4,7
1449,1449.mp4,7
1450,1450.mp4,3
1451,1451.mp4,3
1452,1452.mp4,0
1453,1453.mp4,15
1454,1454.mp4,3
1455,1455.mp4,4
1456,1456.mp4,10
1457,1457.mp4,7
1458,1458.mp4,2
1459,1459.mp4,10
1460,1460.mp4,1
1461,1461.mp4,1
1462,1462.mp4,15
1463,1463.mp4,6
1464,1464.mp4,8
1465,1465.mp4,7
1466,1466.mp4,9
1467,1467.mp4,7
1468,1468.mp4,2
1469,1469.mp4,6
1470,1470.mp4,10
1471,1471.mp4,3
1472,1472.mp4,3
1473,1473.mp4,15
1474,1474.mp4,14
1475,1475.mp4,15
1476,1476.mp4,4
1477,1477.mp4,20
1478,1478.mp4,9
1479,1479.mp4,1
1480,1480.mp4,15
1481,1481.mp4,1
1482,1482.mp4,3
1483,1483.mp4,6
1484,1484.mp4,15
1485,1485.mp4,4
1486,1486.mp4,3
1487,1487.mp4,2
1488,1488.mp4,2
1489,1489.mp4,10
1490,1490.mp4,0
1491,1491.mp4,3
1492,1492.mp4,6
1493,1493.mp4,1
1494,1494.mp4,3
1495,1495.mp4,15
1496,1496.mp4,2
1497,1497.mp4,11
1498,1498.mp4,2
1499,1499.mp4,12
1500,1500.mp4,13
1501,1501.mp4,3
1502,1502.mp4,5
1503,1503.mp4,5
1504,1504.mp4,7
1505,1505.mp4,2
1506,1506.mp4,5
1507,1507.mp4,15
1508,1508.mp4,4
1509,1509.mp4,8
1510,1510.mp4,1
1511,1511.mp4,3
1512,1512.mp4,4
1513,1513.mp4,15
1514,1514.mp4,1
1515,1515.mp4,1
1516,1516.mp4,12
1517,1517.mp4,0
1518,1518.mp4,13
1519,1519.mp4,2
1520,1520.mp4,3
1521,1521.mp4,4
1522,1522.mp4,3
1523,1523.mp4,9
1524,1524.mp4,8
1525,1525.mp4,5
1526,1526.mp4,3
1527,1527.mp4,2
1528,1528.mp4,15
1529,1529.mp4,9
1530,1530.mp4,1
1531,1531.mp4,6
1532,1532.mp4,1
1533,1533.mp4,1
1534,1534.mp4,4
1535,1535.mp4,3
1536,1536.mp4,4
1537,1537.mp4,4
1538,1538.mp4,2
1539,1539.mp4,2
1540,1540.mp4,2
1541,1541.mp4,1
1542,1542.mp4,2
1543,1543.mp4,1
1544,1544.mp4,2
1545,1545.mp4,15
1546,1546.mp4,4
1547,1547.mp4,2
1548,1548.mp4,1
1549,1549.mp4,3
1550,1550.mp4,12
1551,1551.mp4,2
1552,1552.mp4,6
1553,1553.mp4,13
1554,1554.mp4,2
1555,1555.mp4,14
1556,1556.mp4,7
1557,1557.mp4,1
1558,1558.mp4,10
1559,1559.mp4,2
1560,1560.mp4,8
1561,1561.mp4,0
1562,1562.mp4,19
1563,1563.mp4,4
1564,1564.mp4,7
1565,1565.mp4,4
1566,1566.mp4,2
1567,1567.mp4,2
1568,1568.mp4,6
1569,1569.mp4,2
1570,1570.mp4,2
1571,1571.mp4,4
1572,1572.mp4,7
1573,1573.mp4,1
1574,1574.mp4,2
1575,1575.mp4,1
1576,1576.mp4,2
1577,1577.mp4,1
1578,1578.mp4,3
1579,1579.mp4,4
1580,1580.mp4,8
1581,1581.mp4,7
1582,1582.mp4,2
1583,1583.mp4,13
1584,1584.mp4,2
1585,1585.mp4,4
1586,1586.mp4,3
1587,1587.mp4,10
1588,1588.mp4,3
1589,1589.mp4,10
1590,1590.mp4,14
1591,1591.mp4,1
1592,1592.mp4,0
1593,1593.mp4,5
1594,1594.mp4,2
1595,1595.mp4,5
1596,1596.mp4,0
1597,1597.mp4,7
1598,1598.mp4,5
1599,1599.mp4,3
1600,1600.mp4,14
1601,1601.mp4,3
1602,1602.mp4,4
1603,1603.mp4,3
1604,1604.mp4,1
1605,1605.mp4,4
1606,1606.mp4,5
1607,1607.mp4,4
1608,1608.mp4,1
1609,1609.mp4,0
1610,1610.mp4,1
1611,1611.mp4,6
1612,1612.mp4,15
1613,1613.mp4,5
1614,1614.mp4,2
1615,1615.mp4,12
1616,1616.mp4,1
1617,1617.mp4,1
1618,1618.mp4,30
1619,1619.mp4,15
1620,1620.mp4,4
1621,1621.mp4,3
1622,1622.mp4,2
1623,1623.mp4,2
1624,1624.mp4,13
1625,1625.mp4,8
1626,1626.mp4,3
1627,1627.mp4,14
1628,1628.mp4,2
1629,1629.mp4,1
1630,1630.mp4,8
1631,1631.mp4,15
1632,1632.mp4,4
1633,1633.mp4,3
1634,1634.mp4,3
1635,1635.mp4,15
1636,1636.mp4,5
1637,1637.mp4,1
1638,1638.mp4,6
1639,1639.mp4,6
1640,1640.mp4,2
1641,1641.mp4,15
1642,1642.mp4,2
1643,1643.mp4,14
1644,1644.mp4,10
1645,1645.mp4,0
1646,1646.mp4,2
1647,1647.mp4,4
1648,1648.mp4,5
1649,1649.mp4,17
1650,1650.mp4,1
1651,1651.mp4,5
1652,1652.mp4,2
1653,1653.mp4,14
1654,1654.mp4,14
1655,1655.mp4,3
1656,1656.mp4,15
1657,1657.mp4,9
1658,1658.mp4,4
1659,1659.mp4,6
1660,1660.mp4,4
1661,1661.mp4,3
1662,1662.mp4,1
1663,1663.mp4,0
1664,1664.mp4,3
1665,1665.mp4,3
1666,1666.mp4,15
1667,1667.mp4,11
1668,1668.mp4,2
1669,1669.mp4,6
1670,1670.mp4,3
1671,1671.mp4,10
1672,1672.mp4,15
1673,1673.mp4,13
1674,1674.mp4,8
1675,1675.mp4,1
1676,1676.mp4,11
1677,1677.mp4,0
1678,1678.mp4,3
1679,1679.mp4,4
1680,1680.mp4,3
1681,1681.mp4,9
1682,1682.mp4,5
1683,1683.mp4,2
1684,1684.mp4,2
1685,1685.mp4,2
1686,1686.mp4,2
1687,1687.mp4,14
1688,1688.mp4,1
1689,1689.mp4,4
1690,1690.mp4,4
1691,1691.mp4,5
1692,1692.mp4,2
1693,1693.mp4,4
1694,1694.mp4,0
1695,1695.mp4,4
1696,1696.mp4,11
1697,1697.mp4,3
1698,1698.mp4,2
1699,1699.mp4,2
1700,1700.mp4,3
1701,1701.mp4,3
1702,1702.mp4,9
1703,1703.mp4,6
1704,1704.mp4,2
1705,1705.mp4,6
1706,1706.mp4,1
1707,1707.mp4,4
1708,1708.mp4,2
1709,1709.mp4,7
1710,1710.mp4,11
1711,1711.mp4,2
1712,1712.mp4,4
1713,1713.mp4,2
1714,1714.mp4,3
1715,1715.mp4,3
1716,1716.mp4,2
1717,1717.mp4,12
1718,1718.mp4,14
1719,1719.mp4,1
1720,1720.mp4,6
1721,1721.mp4,10
1722,1722.mp4,1
1723,1723.mp4,15
1724,1724.mp4,1
1725,1725.mp4,3
1726,1726.mp4,3
1727,1727.mp4,9
1728,1728.mp4,6
1729,1729.mp4,5
1730,1730.mp4,4
1731,1731.mp4,1
1732,1732.mp4,15
1733,1733.mp4,1
1734,1734.mp4,1
1735,1735.mp4,2
1736,1736.mp4,8
1737,1737.mp4,5
1738,1738.mp4,30
1739,1739.mp4,5
1740,1740.mp4,1
1741,1741.mp4,15
1742,1742.mp4,7
1743,1743.mp4,10
1744,1744.mp4,15
1745,1745.mp4,2
1746,1746.mp4,5
1747,1747.mp4,16
1748,1748.mp4,1
1749,1749.mp4,3
1750,1750.mp4,7
1751,1751.mp4,1
1752,1752.mp4,10
1753,1753.mp4,5
1754,1754.mp4,1
1755,1755.mp4,6
1756,1756.mp4,4
1757,1757.mp4,4
1758,1758.mp4,10
1759,1759.mp4,3
1760,1760.mp4,7
1761,1761.mp4,15
1762,1762.mp4,2
1763,1763.mp4,2
1764,1764.mp4,5
1765,1765.mp4,6
1766,1766.mp4,3
1767,1767.mp4,6
1768,1768.mp4,5
1769,1769.mp4,3
1770,1770.mp4,15
1771,1771.mp4,14
1772,1772.mp4,2
1773,1773.mp4,2
1774,1774.mp4,16
1775,1775.mp4,46
1776,1776.mp4,3
1777,1777.mp4,3
1778,1778.mp4,14
1779,1779.mp4,5
1780,1780.mp4,9
1781,1781.mp4,1
1782,1782.mp4,3
1783,1783.mp4,4
1784,1784.mp4,4
1785,1785.mp4,5
1786,1786.mp4,7
1787,1787.mp4,7
1788,1788.mp4,4
1789,1789.mp4,25
1790,1790.mp4,5
1791,1791.mp4,0
1792,1792.mp4,2
1793,1793.mp4,9
1794,1794.mp4,0
1795,1795.mp4,4
1796,1796.mp4,0
1797,1797.mp4,1
1798,1798.mp4,9
1799,1799.mp4,2
1800,1800.mp4,15
1801,1801.mp4,3
1802,1802.mp4,8
1803,1803.mp4,2
1804,1804.mp4,9
1805,1805.mp4,0
1806,1806.mp4,15
1807,1807.mp4,2
1808,1808.mp4,2
1809,1809.mp4,12
1810,1810.mp4,6
1811,1811.mp4,9
1812,1812.mp4,6
1813,1813.mp4,3
1814,1814.mp4,2
1815,1815.mp4,2
1816,1816.mp4,4
1817,1817.mp4,0
1818,1818.mp4,12
1819,1819.mp4,7
1820,1820.mp4,2
1821,1821.mp4,10
1822,1822.mp4,0
1823,1823.mp4,0
1824,1824.mp4,3
1825,1825.mp4,2
1826,1826.mp4,7
1827,1827.mp4,1
1828,1828.mp4,11
1829,1829.mp4,2
1830,1830.mp4,12
1831,1831.mp4,1
1832,1832.mp4,53
1833,1833.mp4,0
1834,1834.mp4,9
1835,1835.mp4,9
1836,1836.mp4,13
1837,1837.mp4,23
1838,1838.mp4,5
1839,1839.mp4,2
1840,1840.mp4,0
1841,1841.mp4,1
1842,1842.mp4,15
1843,1843.mp4,11
1844,1844.mp4,2
1845,1845.mp4,7
1846,1846.mp4,1
1847,1847.mp4,7
1848,1848.mp4,2
1849,1849.mp4,2
1850,1850.mp4,2
1851,1851.mp4,1
1852,1852.mp4,3
1853,1853.mp4,2
1854,1854.mp4,10
1855,1855.mp4,2
1856,1856.mp4,9
1857,1857.mp4,1
1858,1858.mp4,9
1859,1859.mp4,5
1860,1860.mp4,0
1861,1861.mp4,15
1862,1862.mp4,6
1863,1863.mp4,34
1864,1864.mp4,14
1865,1865.mp4,1
1866,1866.mp4,44
1867,1867.mp4,0
1868,1868.mp4,1
1869,1869.mp4,6
1870,1870.mp4,14
1871,1871.mp4,15
1872,1872.mp4,15
1873,1873.mp4,4
1874,1874.mp4,15
1875,1875.mp4,7
1876,1876.mp4,13
1877,1877.mp4,0
1878,1878.mp4,3
1879,1879.mp4,14
1880,1880.mp4,1
1881,1881.mp4,2
1882,1882.mp4,11
1883,1883.mp4,9
1884,1884.mp4,2
1885,1885.mp4,1
1886,1886.mp4,12
1887,1887.mp4,3
1888,1888.mp4,7
1889,1889.mp4,3
1890,1890.mp4,2
1891,1891.mp4,5
1892,1892.mp4,0
1893,1893.mp4,2
1894,1894.mp4,1
1895,1895.mp4,1
1896,1896.mp4,2
1897,1897.mp4,5
1898,1898.mp4,6
1899,1899.mp4,6
1900,1900.mp4,3
1901,1901.mp4,3
1902,1902.mp4,2
1903,1903.mp4,1
1904,1904.mp4,9
1905,1905.mp4,4
1906,1906.mp4,12
1907,1907.mp4,5
1908,1908.mp4,70
1909,1909.mp4,2
1910,1910.mp4,0
1911,1911.mp4,1
1912,1912.mp4,37
1913,1913.mp4,1
1914,1914.mp4,15
1915,1915.mp4,14
1916,1916.mp4,3
1917,1917.mp4,1
1918,1918.mp4,2
1919,1919.mp4,15
1920,1920.mp4,2
1921,1921.mp4,2
1922,1922.mp4,17
1923,1923.mp4,1
1924,1924.mp4,1
1925,1925.mp4,0
1926,1926.mp4,4
1927,1927.mp4,0
1928,1928.mp4,5
1929,1929.mp4,2
1930,1930.mp4,15
1931,1931.mp4,6
1932,1932.mp4,10
1933,1933.mp4,3
1934,1934.mp4,23
1935,1935.mp4,1
1936,1936.mp4,1
1937,1937.mp4,9
1938,1938.mp4,3
1939,1939.mp4,1
1940,1940.mp4,11
1941,1941.mp4,5
1942,1942.mp4,0
1943,1943.mp4,2
1944,1944.mp4,5
1945,1945.mp4,5
1946,1946.mp4,3
1947,1947.mp4,1
1948,1948.mp4,15
1949,1949.mp4,3
1950,1950.mp4,4
1951,1951.mp4,4
1952,1952.mp4,4
1953,1953.mp4,5
1954,1954.mp4,4
1955,1955.mp4,6
1956,1956.mp4,1
1957,1957.mp4,2
1958,1958.mp4,4
1959,1959.mp4,6
1960,1960.mp4,6
1961,1961.mp4,6
1962,1962.mp4,2
1963,1963.mp4,4
1964,1964.mp4,15
1965,1965.mp4,5
1966,1966.mp4,2
1967,1967.mp4,10
1968,1968.mp4,3
1969,1969.mp4,15
1970,1970.mp4,6
1971,1971.mp4,11
1972,1972.mp4,2
1973,1973.mp4,0
1974,1974.mp4,2
1975,1975.mp4,2
1976,1976.mp4,5
1977,1977.mp4,1
1978,1978.mp4,1
1979,1979.mp4,15
1980,1980.mp4,5
1981,1981.mp4,4
1982,1982.mp4,4
1983,1983.mp4,1
1984,1984.mp4,1
1985,1985.mp4,1
1986,1986.mp4,2
1987,1987.mp4,1
1988,1988.mp4,2
1989,1989.mp4,2
1990,1990.mp4,15
1991,1991.mp4,2
1992,1992.mp4,10
1993,1993.mp4,1
1994,1994.mp4,24
1995,1995.mp4,5
1996,1996.mp4,6
1997,1997.mp4,5
1998,1998.mp4,1
1999,1999.mp4,4
2000,2000.mp4,9
2001,2001.mp4,9
2002,2002.mp4,2
2003,2003.mp4,15
2004,2004.mp4,5
2005,2005.mp4,31
2006,2006.mp4,6
2007,2007.mp4,4
2008,2008.mp4,4
2009,2009.mp4,1
2010,2010.mp4,3
2011,2011.mp4,7
2012,2012.mp4,12
2013,2013.mp4,4
2014,2014.mp4,1
2015,2015.mp4,1
2016,2016.mp4,2
2017,2017.mp4,1
2018,2018.mp4,5
2019,2019.mp4,4
2020,2020.mp4,10
2021,2021.mp4,4
2022,2022.mp4,6
2023,2023.mp4,11
2024,2024.mp4,4
2025,2025.mp4,9
2026,2026.mp4,15
2027,2027.mp4,1
2028,2028.mp4,14
2029,2029.mp4,16
2030,2030.mp4,3
2031,2031.mp4,10
2032,2032.mp4,1
2033,2033.mp4,3
2034,2034.mp4,2
2035,2035.mp4,2
2036,2036.mp4,4
2037,2037.mp4,1
2038,2038.mp4,3
2039,2039.mp4,4
2040,2040.mp4,11
2041,2041.mp4,2
2042,2042.mp4,6
2043,2043.mp4,6
2044,2044.mp4,3
2045,2045.mp4,11
2046,2046.mp4,3
2047,2047.mp4,6
2048,2048.mp4,7
2049,2049.mp4,3
2050,2050.mp4,5
2051,2051.mp4,2
2052,2052.mp4,2
2053,2053.mp4,1
2054,2054.mp4,14
2055,2055.mp4,4
2056,2056.mp4,3
2057,2057.mp4,3
2058,2058.mp4,3
2059,2059.mp4,9
2060,2060.mp4,3
2061,2061.mp4,2
2062,2062.mp4,2
2063,2063.mp4,3
2064,2064.mp4,16
2065,2065.mp4,1
2066,2066.mp4,15
2067,2067.mp4,8
2068,2068.mp4,14
2069,2069.mp4,9
2070,2070.mp4,3
2071,2071.mp4,15
2072,2072.mp4,4
2073,2073.mp4,5
2074,2074.mp4,9
2075,2075.mp4,4
2076,2076.mp4,3
2077,2077.mp4,7
2078,2078.mp4,15
2079,2079.mp4,4
2080,2080.mp4,3
2081,2081.mp4,2
2082,2082.mp4,3
2083,2083.mp4,4
2084,2084.mp4,4
2085,2085.mp4,3
2086,2086.mp4,6
2087,2087.mp4,2
2088,2088.mp4,2
2089,2089.mp4,4
2090,2090.mp4,11
2091,2091.mp4,12
2092,2092.mp4,15
2093,2093.mp4,4
2094,2094.mp4,15
2095,2095.mp4,5
2096,2096.mp4,2
2097,2097.mp4,2
2098,2098.mp4,3
2099,2099.mp4,3
2100,2100.mp4,8
2101,2101.mp4,2
2102,2102.mp4,3
2103,2103.mp4,14
2104,2104.mp4,6
2105,2105.mp4,0
2106,2106.mp4,7
2107,2107.mp4,1
2108,2108.mp4,2
2109,2109.mp4,8
2110,2110.mp4,4
2111,2111.mp4,5
2112,2112.mp4,5
2113,2113.mp4,15
2114,2114.mp4,20
2115,2115.mp4,12
2116,2116.mp4,1
2117,2117.mp4,2
2118,2118.mp4,1
2119,2119.mp4,2
2120,2120.mp4,5
2121,2121.mp4,4
2122,2122.mp4,4
2123,2123.mp4,4
2124,2124.mp4,13
2125,2125.mp4,3
2126,2126.mp4,0
2127,2127.mp4,2
2128,2128.mp4,5
2129,2129.mp4,0
2130,2130.mp4,6
2131,2131.mp4,15
2132,2132.mp4,17
2133,2133.mp4,2
2134,2134.mp4,5
2135,2135.mp4,8
2136,2136.mp4,3
2137,2137.mp4,3
2138,2138.mp4,6
2139,2139.mp4,3
2140,2140.mp4,9
2141,2141.mp4,9
2142,2142.mp4,12
2143,2143.mp4,4
2144,2144.mp4,10
2145,2145.mp4,5
2146,2146.mp4,6
2147,2147.mp4,0
2148,2148.mp4,9
2149,2149.mp4,2
2150,2150.mp4,1
2151,2151.mp4,9
2152,2152.mp4,7
2153,2153.mp4,15
2154,2154.mp4,3
2155,2155.mp4,5
2156,2156.mp4,13
2157,2157.mp4,15
2158,2158.mp4,12
2159,2159.mp4,15
2160,2160.mp4,6
2161,2161.mp4,14
2162,2162.mp4,15
2163,2163.mp4,2
2164,2164.mp4,1
2165,2165.mp4,6
2166,2166.mp4,10
2167,2167.mp4,0
2168,2168.mp4,15
2169,2169.mp4,9
2170,2170.mp4,1
2171,2171.mp4,2
2172,2172.mp4,5
2173,2173.mp4,3
2174,2174.mp4,0
2175,2175.mp4,11
2176,2176.mp4,5
2177,2177.mp4,3
2178,2178.mp4,9
2179,2179.mp4,13
2180,2180.mp4,4
2181,2181.mp4,1
2182,2182.mp4,3
2183,2183.mp4,4
2184,2184.mp4,15
2185,2185.mp4,3
2186,2186.mp4,3
2187,2187.mp4,2
2188,2188.mp4,12
2189,2189.mp4,1
2190,2190.mp4,15
2191,2191.mp4,4
2192,2192.mp4,13
2193,2193.mp4,1
2194,2194.mp4,3
2195,2195.mp4,1
2196,2196.mp4,2
