,frame_obj_1,frame_loc_1,frame_action_1,frame_obj_2,frame_loc_2,frame_action_2,frame_obj_3,frame_loc_3,frame_action_3,frame_obj_4,frame_loc_4,frame_action_4
0,140,1,9,140,1,9,140,1,True,140,1,True
1,140,1,9,140,1,9,140,2,False,140,1,True
2,140,1,9,140,2,9,140,1,False,140,1,True
3,140,1,9,140,2,9,140,2,True,140,1,True
4,140,1,9,140,1,9,973,1,True,140,1,True
5,140,1,9,140,1,9,973,2,False,140,1,True
6,140,1,9,140,2,9,973,1,False,140,1,True
7,140,1,9,140,2,9,973,2,True,140,1,True
8,140,1,9,140,1,9,974,1,True,140,1,True
9,140,1,9,140,1,9,974,2,False,140,1,True
10,140,1,9,140,2,9,974,1,False,140,1,True
11,140,1,9,140,2,9,974,2,True,140,1,True
12,140,1,9,140,1,9,975,1,True,140,1,True
13,140,1,9,140,1,9,975,2,False,140,1,True
14,140,1,9,140,2,9,975,1,False,140,1,True
15,140,1,9,140,2,9,975,2,True,140,1,True
16,140,1,9,973,1,9,140,1,True,140,1,True
17,140,1,9,973,1,9,140,2,False,140,1,True
18,140,1,9,973,2,9,140,1,False,140,1,True
19,140,1,9,973,2,9,140,2,True,140,1,True
20,140,1,9,973,1,9,973,1,True,140,1,True
21,140,1,9,973,1,9,973,2,False,140,1,True
22,140,1,9,973,2,9,973,1,False,140,1,True
23,140,1,9,973,2,9,973,2,True,140,1,True
24,140,1,9,973,1,9,974,1,True,140,1,True
25,140,1,9,973,1,9,974,2,False,140,1,True
26,140,1,9,973,2,9,974,1,False,140,1,True
27,140,1,9,973,2,9,974,2,True,140,1,True
28,140,1,9,973,1,9,975,1,True,140,1,True
29,140,1,9,973,1,9,975,2,False,140,1,True
30,140,1,9,973,2,9,975,1,False,140,1,True
31,140,1,9,973,2,9,975,2,True,140,1,True
32,140,1,9,974,1,9,140,1,True,140,1,True
33,140,1,9,974,1,9,140,2,False,140,1,True
34,140,1,9,974,2,9,140,1,False,140,1,True
35,140,1,9,974,2,9,140,2,True,140,1,True
36,140,1,9,974,1,9,973,1,True,140,1,True
37,140,1,9,974,1,9,973,2,False,140,1,True
38,140,1,9,974,2,9,973,1,False,140,1,True
39,140,1,9,974,2,9,973,2,True,140,1,True
40,140,1,9,974,1,9,974,1,True,140,1,True
41,140,1,9,974,1,9,974,2,False,140,1,True
42,140,1,9,974,2,9,974,1,False,140,1,True
43,140,1,9,974,2,9,974,2,True,140,1,True
44,140,1,9,974,1,9,975,1,True,140,1,True
45,140,1,9,974,1,9,975,2,False,140,1,True
46,140,1,9,974,2,9,975,1,False,140,1,True
47,140,1,9,974,2,9,975,2,True,140,1,True
48,140,1,9,975,1,9,140,1,True,140,1,True
49,140,1,9,975,1,9,140,2,False,140,1,True
50,140,1,9,975,2,9,140,1,False,140,1,True
51,140,1,9,975,2,9,140,2,True,140,1,True
52,140,1,9,975,1,9,973,1,True,140,1,True
53,140,1,9,975,1,9,973,2,False,140,1,True
54,140,1,9,975,2,9,973,1,False,140,1,True
55,140,1,9,975,2,9,973,2,True,140,1,True
56,140,1,9,975,1,9,974,1,True,140,1,True
57,140,1,9,975,1,9,974,2,False,140,1,True
58,140,1,9,975,2,9,974,1,False,140,1,True
59,140,1,9,975,2,9,974,2,True,140,1,True
60,140,1,9,975,1,9,975,1,True,140,1,True
61,140,1,9,975,1,9,975,2,False,140,1,True
62,140,1,9,975,2,9,975,1,False,140,1,True
63,140,1,9,975,2,9,975,2,True,140,1,True
64,140,1,9,140,1,9,140,2,False,140,2,False
65,140,1,9,140,2,9,140,1,False,140,2,False
66,140,1,9,140,2,9,140,2,True,140,2,False
67,140,1,9,140,1,9,973,1,True,140,2,False
68,140,1,9,140,1,9,973,2,False,140,2,False
69,140,1,9,140,2,9,973,1,False,140,2,False
70,140,1,9,140,2,9,973,2,True,140,2,False
71,140,1,9,140,1,9,974,1,True,140,2,False
72,140,1,9,140,1,9,974,2,False,140,2,False
73,140,1,9,140,2,9,974,1,False,140,2,False
74,140,1,9,140,2,9,974,2,True,140,2,False
75,140,1,9,140,1,9,975,1,True,140,2,False
76,140,1,9,140,1,9,975,2,False,140,2,False
77,140,1,9,140,2,9,975,1,False,140,2,False
78,140,1,9,140,2,9,975,2,True,140,2,False
79,140,1,9,973,1,9,140,1,True,140,2,False
80,140,1,9,973,1,9,140,2,False,140,2,False
81,140,1,9,973,2,9,140,1,False,140,2,False
82,140,1,9,973,2,9,140,2,True,140,2,False
83,140,1,9,973,1,9,973,1,True,140,2,False
84,140,1,9,973,1,9,973,2,False,140,2,False
85,140,1,9,973,2,9,973,1,False,140,2,False
86,140,1,9,973,2,9,973,2,True,140,2,False
87,140,1,9,973,1,9,974,1,True,140,2,False
88,140,1,9,973,1,9,974,2,False,140,2,False
89,140,1,9,973,2,9,974,1,False,140,2,False
90,140,1,9,973,2,9,974,2,True,140,2,False
91,140,1,9,973,1,9,975,1,True,140,2,False
92,140,1,9,973,1,9,975,2,False,140,2,False
93,140,1,9,973,2,9,975,1,False,140,2,False
94,140,1,9,973,2,9,975,2,True,140,2,False
95,140,1,9,974,1,9,140,1,True,140,2,False
96,140,1,9,974,1,9,140,2,False,140,2,False
97,140,1,9,974,2,9,140,1,False,140,2,False
98,140,1,9,974,2,9,140,2,True,140,2,False
99,140,1,9,974,1,9,973,1,True,140,2,False
100,140,1,9,974,1,9,973,2,False,140,2,False
101,140,1,9,974,2,9,973,1,False,140,2,False
102,140,1,9,974,2,9,973,2,True,140,2,False
103,140,1,9,974,1,9,974,1,True,140,2,False
104,140,1,9,974,1,9,974,2,False,140,2,False
105,140,1,9,974,2,9,974,1,False,140,2,False
106,140,1,9,974,2,9,974,2,True,140,2,False
107,140,1,9,974,1,9,975,1,True,140,2,False
108,140,1,9,974,1,9,975,2,False,140,2,False
109,140,1,9,974,2,9,975,1,False,140,2,False
110,140,1,9,974,2,9,975,2,True,140,2,False
111,140,1,9,975,1,9,140,1,True,140,2,False
112,140,1,9,975,1,9,140,2,False,140,2,False
113,140,1,9,975,2,9,140,1,False,140,2,False
114,140,1,9,975,2,9,140,2,True,140,2,False
115,140,1,9,975,1,9,973,1,True,140,2,False
116,140,1,9,975,1,9,973,2,False,140,2,False
117,140,1,9,975,2,9,973,1,False,140,2,False
118,140,1,9,975,2,9,973,2,True,140,2,False
119,140,1,9,975,1,9,974,1,True,140,2,False
120,140,1,9,975,1,9,974,2,False,140,2,False
121,140,1,9,975,2,9,974,1,False,140,2,False
122,140,1,9,975,2,9,974,2,True,140,2,False
123,140,1,9,975,1,9,975,1,True,140,2,False
124,140,1,9,975,1,9,975,2,False,140,2,False
125,140,1,9,975,2,9,975,1,False,140,2,False
126,140,1,9,975,2,9,975,2,True,140,2,False
127,140,2,9,140,2,9,140,1,False,140,1,False
128,140,2,9,140,2,9,140,2,True,140,1,False
129,140,2,9,140,1,9,973,1,True,140,1,False
130,140,2,9,140,1,9,973,2,False,140,1,False
131,140,2,9,140,2,9,973,1,False,140,1,False
132,140,2,9,140,2,9,973,2,True,140,1,False
133,140,2,9,140,1,9,974,1,True,140,1,False
134,140,2,9,140,1,9,974,2,False,140,1,False
135,140,2,9,140,2,9,974,1,False,140,1,False
136,140,2,9,140,2,9,974,2,True,140,1,False
137,140,2,9,140,1,9,975,1,True,140,1,False
138,140,2,9,140,1,9,975,2,False,140,1,False
139,140,2,9,140,2,9,975,1,False,140,1,False
140,140,2,9,140,2,9,975,2,True,140,1,False
141,140,2,9,973,1,9,140,1,True,140,1,False
142,140,2,9,973,1,9,140,2,False,140,1,False
143,140,2,9,973,2,9,140,1,False,140,1,False
144,140,2,9,973,2,9,140,2,True,140,1,False
145,140,2,9,973,1,9,973,1,True,140,1,False
146,140,2,9,973,1,9,973,2,False,140,1,False
147,140,2,9,973,2,9,973,1,False,140,1,False
148,140,2,9,973,2,9,973,2,True,140,1,False
149,140,2,9,973,1,9,974,1,True,140,1,False
150,140,2,9,973,1,9,974,2,False,140,1,False
151,140,2,9,973,2,9,974,1,False,140,1,False
152,140,2,9,973,2,9,974,2,True,140,1,False
153,140,2,9,973,1,9,975,1,True,140,1,False
154,140,2,9,973,1,9,975,2,False,140,1,False
155,140,2,9,973,2,9,975,1,False,140,1,False
156,140,2,9,973,2,9,975,2,True,140,1,False
157,140,2,9,974,1,9,140,1,True,140,1,False
158,140,2,9,974,1,9,140,2,False,140,1,False
159,140,2,9,974,2,9,140,1,False,140,1,False
160,140,2,9,974,2,9,140,2,True,140,1,False
161,140,2,9,974,1,9,973,1,True,140,1,False
162,140,2,9,974,1,9,973,2,False,140,1,False
163,140,2,9,974,2,9,973,1,False,140,1,False
164,140,2,9,974,2,9,973,2,True,140,1,False
165,140,2,9,974,1,9,974,1,True,140,1,False
166,140,2,9,974,1,9,974,2,False,140,1,False
167,140,2,9,974,2,9,974,1,False,140,1,False
168,140,2,9,974,2,9,974,2,True,140,1,False
169,140,2,9,974,1,9,975,1,True,140,1,False
170,140,2,9,974,1,9,975,2,False,140,1,False
171,140,2,9,974,2,9,975,1,False,140,1,False
172,140,2,9,974,2,9,975,2,True,140,1,False
173,140,2,9,975,1,9,140,1,True,140,1,False
174,140,2,9,975,1,9,140,2,False,140,1,False
175,140,2,9,975,2,9,140,1,False,140,1,False
176,140,2,9,975,2,9,140,2,True,140,1,False
177,140,2,9,975,1,9,973,1,True,140,1,False
178,140,2,9,975,1,9,973,2,False,140,1,False
179,140,2,9,975,2,9,973,1,False,140,1,False
180,140,2,9,975,2,9,973,2,True,140,1,False
181,140,2,9,975,1,9,974,1,True,140,1,False
182,140,2,9,975,1,9,974,2,False,140,1,False
183,140,2,9,975,2,9,974,1,False,140,1,False
184,140,2,9,975,2,9,974,2,True,140,1,False
185,140,2,9,975,1,9,975,1,True,140,1,False
186,140,2,9,975,1,9,975,2,False,140,1,False
187,140,2,9,975,2,9,975,1,False,140,1,False
188,140,2,9,975,2,9,975,2,True,140,1,False
189,140,2,9,140,2,9,140,2,True,140,2,True
190,140,2,9,140,1,9,973,1,True,140,2,True
191,140,2,9,140,1,9,973,2,False,140,2,True
192,140,2,9,140,2,9,973,1,False,140,2,True
193,140,2,9,140,2,9,973,2,True,140,2,True
194,140,2,9,140,1,9,974,1,True,140,2,True
195,140,2,9,140,1,9,974,2,False,140,2,True
196,140,2,9,140,2,9,974,1,False,140,2,True
197,140,2,9,140,2,9,974,2,True,140,2,True
198,140,2,9,140,1,9,975,1,True,140,2,True
199,140,2,9,140,1,9,975,2,False,140,2,True
200,140,2,9,140,2,9,975,1,False,140,2,True
201,140,2,9,140,2,9,975,2,True,140,2,True
202,140,2,9,973,1,9,140,1,True,140,2,True
203,140,2,9,973,1,9,140,2,False,140,2,True
204,140,2,9,973,2,9,140,1,False,140,2,True
205,140,2,9,973,2,9,140,2,True,140,2,True
206,140,2,9,973,1,9,973,1,True,140,2,True
207,140,2,9,973,1,9,973,2,False,140,2,True
208,140,2,9,973,2,9,973,1,False,140,2,True
209,140,2,9,973,2,9,973,2,True,140,2,True
210,140,2,9,973,1,9,974,1,True,140,2,True
211,140,2,9,973,1,9,974,2,False,140,2,True
212,140,2,9,973,2,9,974,1,False,140,2,True
213,140,2,9,973,2,9,974,2,True,140,2,True
214,140,2,9,973,1,9,975,1,True,140,2,True
215,140,2,9,973,1,9,975,2,False,140,2,True
216,140,2,9,973,2,9,975,1,False,140,2,True
217,140,2,9,973,2,9,975,2,True,140,2,True
218,140,2,9,974,1,9,140,1,True,140,2,True
219,140,2,9,974,1,9,140,2,False,140,2,True
220,140,2,9,974,2,9,140,1,False,140,2,True
221,140,2,9,974,2,9,140,2,True,140,2,True
222,140,2,9,974,1,9,973,1,True,140,2,True
223,140,2,9,974,1,9,973,2,False,140,2,True
224,140,2,9,974,2,9,973,1,False,140,2,True
225,140,2,9,974,2,9,973,2,True,140,2,True
226,140,2,9,974,1,9,974,1,True,140,2,True
227,140,2,9,974,1,9,974,2,False,140,2,True
228,140,2,9,974,2,9,974,1,False,140,2,True
229,140,2,9,974,2,9,974,2,True,140,2,True
230,140,2,9,974,1,9,975,1,True,140,2,True
231,140,2,9,974,1,9,975,2,False,140,2,True
232,140,2,9,974,2,9,975,1,False,140,2,True
233,140,2,9,974,2,9,975,2,True,140,2,True
234,140,2,9,975,1,9,140,1,True,140,2,True
235,140,2,9,975,1,9,140,2,False,140,2,True
236,140,2,9,975,2,9,140,1,False,140,2,True
237,140,2,9,975,2,9,140,2,True,140,2,True
238,140,2,9,975,1,9,973,1,True,140,2,True
239,140,2,9,975,1,9,973,2,False,140,2,True
240,140,2,9,975,2,9,973,1,False,140,2,True
241,140,2,9,975,2,9,973,2,True,140,2,True
242,140,2,9,975,1,9,974,1,True,140,2,True
243,140,2,9,975,1,9,974,2,False,140,2,True
244,140,2,9,975,2,9,974,1,False,140,2,True
245,140,2,9,975,2,9,974,2,True,140,2,True
246,140,2,9,975,1,9,975,1,True,140,2,True
247,140,2,9,975,1,9,975,2,False,140,2,True
248,140,2,9,975,2,9,975,1,False,140,2,True
249,140,2,9,975,2,9,975,2,True,140,2,True
250,140,1,9,140,1,9,973,1,True,973,1,True
251,140,1,9,140,1,9,973,2,False,973,1,True
252,140,1,9,140,2,9,973,1,False,973,1,True
253,140,1,9,140,2,9,973,2,True,973,1,True
254,140,1,9,140,1,9,974,1,True,973,1,True
255,140,1,9,140,1,9,974,2,False,973,1,True
256,140,1,9,140,2,9,974,1,False,973,1,True
257,140,1,9,140,2,9,974,2,True,973,1,True
258,140,1,9,140,1,9,975,1,True,973,1,True
259,140,1,9,140,1,9,975,2,False,973,1,True
260,140,1,9,140,2,9,975,1,False,973,1,True
261,140,1,9,140,2,9,975,2,True,973,1,True
262,140,1,9,973,1,9,140,1,True,973,1,True
263,140,1,9,973,1,9,140,2,False,973,1,True
264,140,1,9,973,2,9,140,1,False,973,1,True
265,140,1,9,973,2,9,140,2,True,973,1,True
266,140,1,9,973,1,9,973,1,True,973,1,True
267,140,1,9,973,1,9,973,2,False,973,1,True
268,140,1,9,973,2,9,973,1,False,973,1,True
269,140,1,9,973,2,9,973,2,True,973,1,True
270,140,1,9,973,1,9,974,1,True,973,1,True
271,140,1,9,973,1,9,974,2,False,973,1,True
272,140,1,9,973,2,9,974,1,False,973,1,True
273,140,1,9,973,2,9,974,2,True,973,1,True
274,140,1,9,973,1,9,975,1,True,973,1,True
275,140,1,9,973,1,9,975,2,False,973,1,True
276,140,1,9,973,2,9,975,1,False,973,1,True
277,140,1,9,973,2,9,975,2,True,973,1,True
278,140,1,9,974,1,9,140,1,True,973,1,True
279,140,1,9,974,1,9,140,2,False,973,1,True
280,140,1,9,974,2,9,140,1,False,973,1,True
281,140,1,9,974,2,9,140,2,True,973,1,True
282,140,1,9,974,1,9,973,1,True,973,1,True
283,140,1,9,974,1,9,973,2,False,973,1,True
284,140,1,9,974,2,9,973,1,False,973,1,True
285,140,1,9,974,2,9,973,2,True,973,1,True
286,140,1,9,974,1,9,974,1,True,973,1,True
287,140,1,9,974,1,9,974,2,False,973,1,True
288,140,1,9,974,2,9,974,1,False,973,1,True
289,140,1,9,974,2,9,974,2,True,973,1,True
290,140,1,9,974,1,9,975,1,True,973,1,True
291,140,1,9,974,1,9,975,2,False,973,1,True
292,140,1,9,974,2,9,975,1,False,973,1,True
293,140,1,9,974,2,9,975,2,True,973,1,True
294,140,1,9,975,1,9,140,1,True,973,1,True
295,140,1,9,975,1,9,140,2,False,973,1,True
296,140,1,9,975,2,9,140,1,False,973,1,True
297,140,1,9,975,2,9,140,2,True,973,1,True
298,140,1,9,975,1,9,973,1,True,973,1,True
299,140,1,9,975,1,9,973,2,False,973,1,True
300,140,1,9,975,2,9,973,1,False,973,1,True
301,140,1,9,975,2,9,973,2,True,973,1,True
302,140,1,9,975,1,9,974,1,True,973,1,True
303,140,1,9,975,1,9,974,2,False,973,1,True
304,140,1,9,975,2,9,974,1,False,973,1,True
305,140,1,9,975,2,9,974,2,True,973,1,True
306,140,1,9,975,1,9,975,1,True,973,1,True
307,140,1,9,975,1,9,975,2,False,973,1,True
308,140,1,9,975,2,9,975,1,False,973,1,True
309,140,1,9,975,2,9,975,2,True,973,1,True
310,140,1,9,140,1,9,973,2,False,973,2,False
311,140,1,9,140,2,9,973,1,False,973,2,False
312,140,1,9,140,2,9,973,2,True,973,2,False
313,140,1,9,140,1,9,974,1,True,973,2,False
314,140,1,9,140,1,9,974,2,False,973,2,False
315,140,1,9,140,2,9,974,1,False,973,2,False
316,140,1,9,140,2,9,974,2,True,973,2,False
317,140,1,9,140,1,9,975,1,True,973,2,False
318,140,1,9,140,1,9,975,2,False,973,2,False
319,140,1,9,140,2,9,975,1,False,973,2,False
320,140,1,9,140,2,9,975,2,True,973,2,False
321,140,1,9,973,1,9,140,1,True,973,2,False
322,140,1,9,973,1,9,140,2,False,973,2,False
323,140,1,9,973,2,9,140,1,False,973,2,False
324,140,1,9,973,2,9,140,2,True,973,2,False
325,140,1,9,973,1,9,973,1,True,973,2,False
326,140,1,9,973,1,9,973,2,False,973,2,False
327,140,1,9,973,2,9,973,1,False,973,2,False
328,140,1,9,973,2,9,973,2,True,973,2,False
329,140,1,9,973,1,9,974,1,True,973,2,False
330,140,1,9,973,1,9,974,2,False,973,2,False
331,140,1,9,973,2,9,974,1,False,973,2,False
332,140,1,9,973,2,9,974,2,True,973,2,False
333,140,1,9,973,1,9,975,1,True,973,2,False
334,140,1,9,973,1,9,975,2,False,973,2,False
335,140,1,9,973,2,9,975,1,False,973,2,False
336,140,1,9,973,2,9,975,2,True,973,2,False
337,140,1,9,974,1,9,140,1,True,973,2,False
338,140,1,9,974,1,9,140,2,False,973,2,False
339,140,1,9,974,2,9,140,1,False,973,2,False
340,140,1,9,974,2,9,140,2,True,973,2,False
341,140,1,9,974,1,9,973,1,True,973,2,False
342,140,1,9,974,1,9,973,2,False,973,2,False
343,140,1,9,974,2,9,973,1,False,973,2,False
344,140,1,9,974,2,9,973,2,True,973,2,False
345,140,1,9,974,1,9,974,1,True,973,2,False
346,140,1,9,974,1,9,974,2,False,973,2,False
347,140,1,9,974,2,9,974,1,False,973,2,False
348,140,1,9,974,2,9,974,2,True,973,2,False
349,140,1,9,974,1,9,975,1,True,973,2,False
350,140,1,9,974,1,9,975,2,False,973,2,False
351,140,1,9,974,2,9,975,1,False,973,2,False
352,140,1,9,974,2,9,975,2,True,973,2,False
353,140,1,9,975,1,9,140,1,True,973,2,False
354,140,1,9,975,1,9,140,2,False,973,2,False
355,140,1,9,975,2,9,140,1,False,973,2,False
356,140,1,9,975,2,9,140,2,True,973,2,False
357,140,1,9,975,1,9,973,1,True,973,2,False
358,140,1,9,975,1,9,973,2,False,973,2,False
359,140,1,9,975,2,9,973,1,False,973,2,False
360,140,1,9,975,2,9,973,2,True,973,2,False
361,140,1,9,975,1,9,974,1,True,973,2,False
362,140,1,9,975,1,9,974,2,False,973,2,False
363,140,1,9,975,2,9,974,1,False,973,2,False
364,140,1,9,975,2,9,974,2,True,973,2,False
365,140,1,9,975,1,9,975,1,True,973,2,False
366,140,1,9,975,1,9,975,2,False,973,2,False
367,140,1,9,975,2,9,975,1,False,973,2,False
368,140,1,9,975,2,9,975,2,True,973,2,False
369,140,2,9,140,2,9,973,1,False,973,1,False
370,140,2,9,140,2,9,973,2,True,973,1,False
371,140,2,9,140,1,9,974,1,True,973,1,False
372,140,2,9,140,1,9,974,2,False,973,1,False
373,140,2,9,140,2,9,974,1,False,973,1,False
374,140,2,9,140,2,9,974,2,True,973,1,False
375,140,2,9,140,1,9,975,1,True,973,1,False
376,140,2,9,140,1,9,975,2,False,973,1,False
377,140,2,9,140,2,9,975,1,False,973,1,False
378,140,2,9,140,2,9,975,2,True,973,1,False
379,140,2,9,973,1,9,140,1,True,973,1,False
380,140,2,9,973,1,9,140,2,False,973,1,False
381,140,2,9,973,2,9,140,1,False,973,1,False
382,140,2,9,973,2,9,140,2,True,973,1,False
383,140,2,9,973,1,9,973,1,True,973,1,False
384,140,2,9,973,1,9,973,2,False,973,1,False
385,140,2,9,973,2,9,973,1,False,973,1,False
386,140,2,9,973,2,9,973,2,True,973,1,False
387,140,2,9,973,1,9,974,1,True,973,1,False
388,140,2,9,973,1,9,974,2,False,973,1,False
389,140,2,9,973,2,9,974,1,False,973,1,False
390,140,2,9,973,2,9,974,2,True,973,1,False
391,140,2,9,973,1,9,975,1,True,973,1,False
392,140,2,9,973,1,9,975,2,False,973,1,False
393,140,2,9,973,2,9,975,1,False,973,1,False
394,140,2,9,973,2,9,975,2,True,973,1,False
395,140,2,9,974,1,9,140,1,True,973,1,False
396,140,2,9,974,1,9,140,2,False,973,1,False
397,140,2,9,974,2,9,140,1,False,973,1,False
398,140,2,9,974,2,9,140,2,True,973,1,False
399,140,2,9,974,1,9,973,1,True,973,1,False
400,140,2,9,974,1,9,973,2,False,973,1,False
401,140,2,9,974,2,9,973,1,False,973,1,False
402,140,2,9,974,2,9,973,2,True,973,1,False
403,140,2,9,974,1,9,974,1,True,973,1,False
404,140,2,9,974,1,9,974,2,False,973,1,False
405,140,2,9,974,2,9,974,1,False,973,1,False
406,140,2,9,974,2,9,974,2,True,973,1,False
407,140,2,9,974,1,9,975,1,True,973,1,False
408,140,2,9,974,1,9,975,2,False,973,1,False
409,140,2,9,974,2,9,975,1,False,973,1,False
410,140,2,9,974,2,9,975,2,True,973,1,False
411,140,2,9,975,1,9,140,1,True,973,1,False
412,140,2,9,975,1,9,140,2,False,973,1,False
413,140,2,9,975,2,9,140,1,False,973,1,False
414,140,2,9,975,2,9,140,2,True,973,1,False
415,140,2,9,975,1,9,973,1,True,973,1,False
416,140,2,9,975,1,9,973,2,False,973,1,False
417,140,2,9,975,2,9,973,1,False,973,1,False
418,140,2,9,975,2,9,973,2,True,973,1,False
419,140,2,9,975,1,9,974,1,True,973,1,False
420,140,2,9,975,1,9,974,2,False,973,1,False
421,140,2,9,975,2,9,974,1,False,973,1,False
422,140,2,9,975,2,9,974,2,True,973,1,False
423,140,2,9,975,1,9,975,1,True,973,1,False
424,140,2,9,975,1,9,975,2,False,973,1,False
425,140,2,9,975,2,9,975,1,False,973,1,False
426,140,2,9,975,2,9,975,2,True,973,1,False
427,140,2,9,140,2,9,973,2,True,973,2,True
428,140,2,9,140,1,9,974,1,True,973,2,True
429,140,2,9,140,1,9,974,2,False,973,2,True
430,140,2,9,140,2,9,974,1,False,973,2,True
431,140,2,9,140,2,9,974,2,True,973,2,True
432,140,2,9,140,1,9,975,1,True,973,2,True
433,140,2,9,140,1,9,975,2,False,973,2,True
434,140,2,9,140,2,9,975,1,False,973,2,True
435,140,2,9,140,2,9,975,2,True,973,2,True
436,140,2,9,973,1,9,140,1,True,973,2,True
437,140,2,9,973,1,9,140,2,False,973,2,True
438,140,2,9,973,2,9,140,1,False,973,2,True
439,140,2,9,973,2,9,140,2,True,973,2,True
440,140,2,9,973,1,9,973,1,True,973,2,True
441,140,2,9,973,1,9,973,2,False,973,2,True
442,140,2,9,973,2,9,973,1,False,973,2,True
443,140,2,9,973,2,9,973,2,True,973,2,True
444,140,2,9,973,1,9,974,1,True,973,2,True
445,140,2,9,973,1,9,974,2,False,973,2,True
446,140,2,9,973,2,9,974,1,False,973,2,True
447,140,2,9,973,2,9,974,2,True,973,2,True
448,140,2,9,973,1,9,975,1,True,973,2,True
449,140,2,9,973,1,9,975,2,False,973,2,True
450,140,2,9,973,2,9,975,1,False,973,2,True
451,140,2,9,973,2,9,975,2,True,973,2,True
452,140,2,9,974,1,9,140,1,True,973,2,True
453,140,2,9,974,1,9,140,2,False,973,2,True
454,140,2,9,974,2,9,140,1,False,973,2,True
455,140,2,9,974,2,9,140,2,True,973,2,True
456,140,2,9,974,1,9,973,1,True,973,2,True
457,140,2,9,974,1,9,973,2,False,973,2,True
458,140,2,9,974,2,9,973,1,False,973,2,True
459,140,2,9,974,2,9,973,2,True,973,2,True
460,140,2,9,974,1,9,974,1,True,973,2,True
461,140,2,9,974,1,9,974,2,False,973,2,True
462,140,2,9,974,2,9,974,1,False,973,2,True
463,140,2,9,974,2,9,974,2,True,973,2,True
464,140,2,9,974,1,9,975,1,True,973,2,True
465,140,2,9,974,1,9,975,2,False,973,2,True
466,140,2,9,974,2,9,975,1,False,973,2,True
467,140,2,9,974,2,9,975,2,True,973,2,True
468,140,2,9,975,1,9,140,1,True,973,2,True
469,140,2,9,975,1,9,140,2,False,973,2,True
470,140,2,9,975,2,9,140,1,False,973,2,True
471,140,2,9,975,2,9,140,2,True,973,2,True
472,140,2,9,975,1,9,973,1,True,973,2,True
473,140,2,9,975,1,9,973,2,False,973,2,True
474,140,2,9,975,2,9,973,1,False,973,2,True
475,140,2,9,975,2,9,973,2,True,973,2,True
476,140,2,9,975,1,9,974,1,True,973,2,True
477,140,2,9,975,1,9,974,2,False,973,2,True
478,140,2,9,975,2,9,974,1,False,973,2,True
479,140,2,9,975,2,9,974,2,True,973,2,True
480,140,2,9,975,1,9,975,1,True,973,2,True
481,140,2,9,975,1,9,975,2,False,973,2,True
482,140,2,9,975,2,9,975,1,False,973,2,True
483,140,2,9,975,2,9,975,2,True,973,2,True
484,140,1,9,140,1,9,974,1,True,974,1,True
485,140,1,9,140,1,9,974,2,False,974,1,True
486,140,1,9,140,2,9,974,1,False,974,1,True
487,140,1,9,140,2,9,974,2,True,974,1,True
488,140,1,9,140,1,9,975,1,True,974,1,True
489,140,1,9,140,1,9,975,2,False,974,1,True
490,140,1,9,140,2,9,975,1,False,974,1,True
491,140,1,9,140,2,9,975,2,True,974,1,True
492,140,1,9,973,1,9,140,1,True,974,1,True
493,140,1,9,973,1,9,140,2,False,974,1,True
494,140,1,9,973,2,9,140,1,False,974,1,True
495,140,1,9,973,2,9,140,2,True,974,1,True
496,140,1,9,973,1,9,973,1,True,974,1,True
497,140,1,9,973,1,9,973,2,False,974,1,True
498,140,1,9,973,2,9,973,1,False,974,1,True
499,140,1,9,973,2,9,973,2,True,974,1,True
500,140,1,9,973,1,9,974,1,True,974,1,True
501,140,1,9,973,1,9,974,2,False,974,1,True
502,140,1,9,973,2,9,974,1,False,974,1,True
503,140,1,9,973,2,9,974,2,True,974,1,True
504,140,1,9,973,1,9,975,1,True,974,1,True
505,140,1,9,973,1,9,975,2,False,974,1,True
506,140,1,9,973,2,9,975,1,False,974,1,True
507,140,1,9,973,2,9,975,2,True,974,1,True
508,140,1,9,974,1,9,140,1,True,974,1,True
509,140,1,9,974,1,9,140,2,False,974,1,True
510,140,1,9,974,2,9,140,1,False,974,1,True
511,140,1,9,974,2,9,140,2,True,974,1,True
512,140,1,9,974,1,9,973,1,True,974,1,True
513,140,1,9,974,1,9,973,2,False,974,1,True
514,140,1,9,974,2,9,973,1,False,974,1,True
515,140,1,9,974,2,9,973,2,True,974,1,True
516,140,1,9,974,1,9,974,1,True,974,1,True
517,140,1,9,974,1,9,974,2,False,974,1,True
518,140,1,9,974,2,9,974,1,False,974,1,True
519,140,1,9,974,2,9,974,2,True,974,1,True
520,140,1,9,974,1,9,975,1,True,974,1,True
521,140,1,9,974,1,9,975,2,False,974,1,True
522,140,1,9,974,2,9,975,1,False,974,1,True
523,140,1,9,974,2,9,975,2,True,974,1,True
524,140,1,9,975,1,9,140,1,True,974,1,True
525,140,1,9,975,1,9,140,2,False,974,1,True
526,140,1,9,975,2,9,140,1,False,974,1,True
527,140,1,9,975,2,9,140,2,True,974,1,True
528,140,1,9,975,1,9,973,1,True,974,1,True
529,140,1,9,975,1,9,973,2,False,974,1,True
530,140,1,9,975,2,9,973,1,False,974,1,True
531,140,1,9,975,2,9,973,2,True,974,1,True
532,140,1,9,975,1,9,974,1,True,974,1,True
533,140,1,9,975,1,9,974,2,False,974,1,True
534,140,1,9,975,2,9,974,1,False,974,1,True
535,140,1,9,975,2,9,974,2,True,974,1,True
536,140,1,9,975,1,9,975,1,True,974,1,True
537,140,1,9,975,1,9,975,2,False,974,1,True
538,140,1,9,975,2,9,975,1,False,974,1,True
539,140,1,9,975,2,9,975,2,True,974,1,True
540,140,1,9,140,1,9,974,2,False,974,2,False
541,140,1,9,140,2,9,974,1,False,974,2,False
542,140,1,9,140,2,9,974,2,True,974,2,False
543,140,1,9,140,1,9,975,1,True,974,2,False
544,140,1,9,140,1,9,975,2,False,974,2,False
545,140,1,9,140,2,9,975,1,False,974,2,False
546,140,1,9,140,2,9,975,2,True,974,2,False
547,140,1,9,973,1,9,140,1,True,974,2,False
548,140,1,9,973,1,9,140,2,False,974,2,False
549,140,1,9,973,2,9,140,1,False,974,2,False
550,140,1,9,973,2,9,140,2,True,974,2,False
551,140,1,9,973,1,9,973,1,True,974,2,False
552,140,1,9,973,1,9,973,2,False,974,2,False
553,140,1,9,973,2,9,973,1,False,974,2,False
554,140,1,9,973,2,9,973,2,True,974,2,False
555,140,1,9,973,1,9,974,1,True,974,2,False
556,140,1,9,973,1,9,974,2,False,974,2,False
557,140,1,9,973,2,9,974,1,False,974,2,False
558,140,1,9,973,2,9,974,2,True,974,2,False
559,140,1,9,973,1,9,975,1,True,974,2,False
560,140,1,9,973,1,9,975,2,False,974,2,False
561,140,1,9,973,2,9,975,1,False,974,2,False
562,140,1,9,973,2,9,975,2,True,974,2,False
563,140,1,9,974,1,9,140,1,True,974,2,False
564,140,1,9,974,1,9,140,2,False,974,2,False
565,140,1,9,974,2,9,140,1,False,974,2,False
566,140,1,9,974,2,9,140,2,True,974,2,False
567,140,1,9,974,1,9,973,1,True,974,2,False
568,140,1,9,974,1,9,973,2,False,974,2,False
569,140,1,9,974,2,9,973,1,False,974,2,False
570,140,1,9,974,2,9,973,2,True,974,2,False
571,140,1,9,974,1,9,974,1,True,974,2,False
572,140,1,9,974,1,9,974,2,False,974,2,False
573,140,1,9,974,2,9,974,1,False,974,2,False
574,140,1,9,974,2,9,974,2,True,974,2,False
575,140,1,9,974,1,9,975,1,True,974,2,False
576,140,1,9,974,1,9,975,2,False,974,2,False
577,140,1,9,974,2,9,975,1,False,974,2,False
578,140,1,9,974,2,9,975,2,True,974,2,False
579,140,1,9,975,1,9,140,1,True,974,2,False
580,140,1,9,975,1,9,140,2,False,974,2,False
581,140,1,9,975,2,9,140,1,False,974,2,False
582,140,1,9,975,2,9,140,2,True,974,2,False
583,140,1,9,975,1,9,973,1,True,974,2,False
584,140,1,9,975,1,9,973,2,False,974,2,False
585,140,1,9,975,2,9,973,1,False,974,2,False
586,140,1,9,975,2,9,973,2,True,974,2,False
587,140,1,9,975,1,9,974,1,True,974,2,False
588,140,1,9,975,1,9,974,2,False,974,2,False
589,140,1,9,975,2,9,974,1,False,974,2,False
590,140,1,9,975,2,9,974,2,True,974,2,False
591,140,1,9,975,1,9,975,1,True,974,2,False
592,140,1,9,975,1,9,975,2,False,974,2,False
593,140,1,9,975,2,9,975,1,False,974,2,False
594,140,1,9,975,2,9,975,2,True,974,2,False
595,140,2,9,140,2,9,974,1,False,974,1,False
596,140,2,9,140,2,9,974,2,True,974,1,False
597,140,2,9,140,1,9,975,1,True,974,1,False
598,140,2,9,140,1,9,975,2,False,974,1,False
599,140,2,9,140,2,9,975,1,False,974,1,False
600,140,2,9,140,2,9,975,2,True,974,1,False
601,140,2,9,973,1,9,140,1,True,974,1,False
602,140,2,9,973,1,9,140,2,False,974,1,False
603,140,2,9,973,2,9,140,1,False,974,1,False
604,140,2,9,973,2,9,140,2,True,974,1,False
605,140,2,9,973,1,9,973,1,True,974,1,False
606,140,2,9,973,1,9,973,2,False,974,1,False
607,140,2,9,973,2,9,973,1,False,974,1,False
608,140,2,9,973,2,9,973,2,True,974,1,False
609,140,2,9,973,1,9,974,1,True,974,1,False
610,140,2,9,973,1,9,974,2,False,974,1,False
611,140,2,9,973,2,9,974,1,False,974,1,False
612,140,2,9,973,2,9,974,2,True,974,1,False
613,140,2,9,973,1,9,975,1,True,974,1,False
614,140,2,9,973,1,9,975,2,False,974,1,False
615,140,2,9,973,2,9,975,1,False,974,1,False
616,140,2,9,973,2,9,975,2,True,974,1,False
617,140,2,9,974,1,9,140,1,True,974,1,False
618,140,2,9,974,1,9,140,2,False,974,1,False
619,140,2,9,974,2,9,140,1,False,974,1,False
620,140,2,9,974,2,9,140,2,True,974,1,False
621,140,2,9,974,1,9,973,1,True,974,1,False
622,140,2,9,974,1,9,973,2,False,974,1,False
623,140,2,9,974,2,9,973,1,False,974,1,False
624,140,2,9,974,2,9,973,2,True,974,1,False
625,140,2,9,974,1,9,974,1,True,974,1,False
626,140,2,9,974,1,9,974,2,False,974,1,False
627,140,2,9,974,2,9,974,1,False,974,1,False
628,140,2,9,974,2,9,974,2,True,974,1,False
629,140,2,9,974,1,9,975,1,True,974,1,False
630,140,2,9,974,1,9,975,2,False,974,1,False
631,140,2,9,974,2,9,975,1,False,974,1,False
632,140,2,9,974,2,9,975,2,True,974,1,False
633,140,2,9,975,1,9,140,1,True,974,1,False
634,140,2,9,975,1,9,140,2,False,974,1,False
635,140,2,9,975,2,9,140,1,False,974,1,False
636,140,2,9,975,2,9,140,2,True,974,1,False
637,140,2,9,975,1,9,973,1,True,974,1,False
638,140,2,9,975,1,9,973,2,False,974,1,False
639,140,2,9,975,2,9,973,1,False,974,1,False
640,140,2,9,975,2,9,973,2,True,974,1,False
641,140,2,9,975,1,9,974,1,True,974,1,False
642,140,2,9,975,1,9,974,2,False,974,1,False
643,140,2,9,975,2,9,974,1,False,974,1,False
644,140,2,9,975,2,9,974,2,True,974,1,False
645,140,2,9,975,1,9,975,1,True,974,1,False
646,140,2,9,975,1,9,975,2,False,974,1,False
647,140,2,9,975,2,9,975,1,False,974,1,False
648,140,2,9,975,2,9,975,2,True,974,1,False
649,140,2,9,140,2,9,974,2,True,974,2,True
650,140,2,9,140,1,9,975,1,True,974,2,True
651,140,2,9,140,1,9,975,2,False,974,2,True
652,140,2,9,140,2,9,975,1,False,974,2,True
653,140,2,9,140,2,9,975,2,True,974,2,True
654,140,2,9,973,1,9,140,1,True,974,2,True
655,140,2,9,973,1,9,140,2,False,974,2,True
656,140,2,9,973,2,9,140,1,False,974,2,True
657,140,2,9,973,2,9,140,2,True,974,2,True
658,140,2,9,973,1,9,973,1,True,974,2,True
659,140,2,9,973,1,9,973,2,False,974,2,True
660,140,2,9,973,2,9,973,1,False,974,2,True
661,140,2,9,973,2,9,973,2,True,974,2,True
662,140,2,9,973,1,9,974,1,True,974,2,True
663,140,2,9,973,1,9,974,2,False,974,2,True
664,140,2,9,973,2,9,974,1,False,974,2,True
665,140,2,9,973,2,9,974,2,True,974,2,True
666,140,2,9,973,1,9,975,1,True,974,2,True
667,140,2,9,973,1,9,975,2,False,974,2,True
668,140,2,9,973,2,9,975,1,False,974,2,True
669,140,2,9,973,2,9,975,2,True,974,2,True
670,140,2,9,974,1,9,140,1,True,974,2,True
671,140,2,9,974,1,9,140,2,False,974,2,True
672,140,2,9,974,2,9,140,1,False,974,2,True
673,140,2,9,974,2,9,140,2,True,974,2,True
674,140,2,9,974,1,9,973,1,True,974,2,True
675,140,2,9,974,1,9,973,2,False,974,2,True
676,140,2,9,974,2,9,973,1,False,974,2,True
677,140,2,9,974,2,9,973,2,True,974,2,True
678,140,2,9,974,1,9,974,1,True,974,2,True
679,140,2,9,974,1,9,974,2,False,974,2,True
680,140,2,9,974,2,9,974,1,False,974,2,True
681,140,2,9,974,2,9,974,2,True,974,2,True
682,140,2,9,974,1,9,975,1,True,974,2,True
683,140,2,9,974,1,9,975,2,False,974,2,True
684,140,2,9,974,2,9,975,1,False,974,2,True
685,140,2,9,974,2,9,975,2,True,974,2,True
686,140,2,9,975,1,9,140,1,True,974,2,True
687,140,2,9,975,1,9,140,2,False,974,2,True
688,140,2,9,975,2,9,140,1,False,974,2,True
689,140,2,9,975,2,9,140,2,True,974,2,True
690,140,2,9,975,1,9,973,1,True,974,2,True
691,140,2,9,975,1,9,973,2,False,974,2,True
692,140,2,9,975,2,9,973,1,False,974,2,True
693,140,2,9,975,2,9,973,2,True,974,2,True
694,140,2,9,975,1,9,974,1,True,974,2,True
695,140,2,9,975,1,9,974,2,False,974,2,True
696,140,2,9,975,2,9,974,1,False,974,2,True
697,140,2,9,975,2,9,974,2,True,974,2,True
698,140,2,9,975,1,9,975,1,True,974,2,True
699,140,2,9,975,1,9,975,2,False,974,2,True
700,140,2,9,975,2,9,975,1,False,974,2,True
701,140,2,9,975,2,9,975,2,True,974,2,True
702,140,1,9,140,1,9,975,1,True,975,1,True
703,140,1,9,140,1,9,975,2,False,975,1,True
704,140,1,9,140,2,9,975,1,False,975,1,True
705,140,1,9,140,2,9,975,2,True,975,1,True
706,140,1,9,973,1,9,140,1,True,975,1,True
707,140,1,9,973,1,9,140,2,False,975,1,True
708,140,1,9,973,2,9,140,1,False,975,1,True
709,140,1,9,973,2,9,140,2,True,975,1,True
710,140,1,9,973,1,9,973,1,True,975,1,True
711,140,1,9,973,1,9,973,2,False,975,1,True
712,140,1,9,973,2,9,973,1,False,975,1,True
713,140,1,9,973,2,9,973,2,True,975,1,True
714,140,1,9,973,1,9,974,1,True,975,1,True
715,140,1,9,973,1,9,974,2,False,975,1,True
716,140,1,9,973,2,9,974,1,False,975,1,True
717,140,1,9,973,2,9,974,2,True,975,1,True
718,140,1,9,973,1,9,975,1,True,975,1,True
719,140,1,9,973,1,9,975,2,False,975,1,True
720,140,1,9,973,2,9,975,1,False,975,1,True
721,140,1,9,973,2,9,975,2,True,975,1,True
722,140,1,9,974,1,9,140,1,True,975,1,True
723,140,1,9,974,1,9,140,2,False,975,1,True
724,140,1,9,974,2,9,140,1,False,975,1,True
725,140,1,9,974,2,9,140,2,True,975,1,True
726,140,1,9,974,1,9,973,1,True,975,1,True
727,140,1,9,974,1,9,973,2,False,975,1,True
728,140,1,9,974,2,9,973,1,False,975,1,True
729,140,1,9,974,2,9,973,2,True,975,1,True
730,140,1,9,974,1,9,974,1,True,975,1,True
731,140,1,9,974,1,9,974,2,False,975,1,True
732,140,1,9,974,2,9,974,1,False,975,1,True
733,140,1,9,974,2,9,974,2,True,975,1,True
734,140,1,9,974,1,9,975,1,True,975,1,True
735,140,1,9,974,1,9,975,2,False,975,1,True
736,140,1,9,974,2,9,975,1,False,975,1,True
737,140,1,9,974,2,9,975,2,True,975,1,True
738,140,1,9,975,1,9,140,1,True,975,1,True
739,140,1,9,975,1,9,140,2,False,975,1,True
740,140,1,9,975,2,9,140,1,False,975,1,True
741,140,1,9,975,2,9,140,2,True,975,1,True
742,140,1,9,975,1,9,973,1,True,975,1,True
743,140,1,9,975,1,9,973,2,False,975,1,True
744,140,1,9,975,2,9,973,1,False,975,1,True
745,140,1,9,975,2,9,973,2,True,975,1,True
746,140,1,9,975,1,9,974,1,True,975,1,True
747,140,1,9,975,1,9,974,2,False,975,1,True
748,140,1,9,975,2,9,974,1,False,975,1,True
749,140,1,9,975,2,9,974,2,True,975,1,True
750,140,1,9,975,1,9,975,1,True,975,1,True
751,140,1,9,975,1,9,975,2,False,975,1,True
752,140,1,9,975,2,9,975,1,False,975,1,True
753,140,1,9,975,2,9,975,2,True,975,1,True
754,140,1,9,140,1,9,975,2,False,975,2,False
755,140,1,9,140,2,9,975,1,False,975,2,False
756,140,1,9,140,2,9,975,2,True,975,2,False
757,140,1,9,973,1,9,140,1,True,975,2,False
758,140,1,9,973,1,9,140,2,False,975,2,False
759,140,1,9,973,2,9,140,1,False,975,2,False
760,140,1,9,973,2,9,140,2,True,975,2,False
761,140,1,9,973,1,9,973,1,True,975,2,False
762,140,1,9,973,1,9,973,2,False,975,2,False
763,140,1,9,973,2,9,973,1,False,975,2,False
764,140,1,9,973,2,9,973,2,True,975,2,False
765,140,1,9,973,1,9,974,1,True,975,2,False
766,140,1,9,973,1,9,974,2,False,975,2,False
767,140,1,9,973,2,9,974,1,False,975,2,False
768,140,1,9,973,2,9,974,2,True,975,2,False
769,140,1,9,973,1,9,975,1,True,975,2,False
770,140,1,9,973,1,9,975,2,False,975,2,False
771,140,1,9,973,2,9,975,1,False,975,2,False
772,140,1,9,973,2,9,975,2,True,975,2,False
773,140,1,9,974,1,9,140,1,True,975,2,False
774,140,1,9,974,1,9,140,2,False,975,2,False
775,140,1,9,974,2,9,140,1,False,975,2,False
776,140,1,9,974,2,9,140,2,True,975,2,False
777,140,1,9,974,1,9,973,1,True,975,2,False
778,140,1,9,974,1,9,973,2,False,975,2,False
779,140,1,9,974,2,9,973,1,False,975,2,False
780,140,1,9,974,2,9,973,2,True,975,2,False
781,140,1,9,974,1,9,974,1,True,975,2,False
782,140,1,9,974,1,9,974,2,False,975,2,False
783,140,1,9,974,2,9,974,1,False,975,2,False
784,140,1,9,974,2,9,974,2,True,975,2,False
785,140,1,9,974,1,9,975,1,True,975,2,False
786,140,1,9,974,1,9,975,2,False,975,2,False
787,140,1,9,974,2,9,975,1,False,975,2,False
788,140,1,9,974,2,9,975,2,True,975,2,False
789,140,1,9,975,1,9,140,1,True,975,2,False
790,140,1,9,975,1,9,140,2,False,975,2,False
791,140,1,9,975,2,9,140,1,False,975,2,False
792,140,1,9,975,2,9,140,2,True,975,2,False
793,140,1,9,975,1,9,973,1,True,975,2,False
794,140,1,9,975,1,9,973,2,False,975,2,False
795,140,1,9,975,2,9,973,1,False,975,2,False
796,140,1,9,975,2,9,973,2,True,975,2,False
797,140,1,9,975,1,9,974,1,True,975,2,False
798,140,1,9,975,1,9,974,2,False,975,2,False
799,140,1,9,975,2,9,974,1,False,975,2,False
800,140,1,9,975,2,9,974,2,True,975,2,False
801,140,1,9,975,1,9,975,1,True,975,2,False
802,140,1,9,975,1,9,975,2,False,975,2,False
803,140,1,9,975,2,9,975,1,False,975,2,False
804,140,1,9,975,2,9,975,2,True,975,2,False
805,140,2,9,140,2,9,975,1,False,975,1,False
806,140,2,9,140,2,9,975,2,True,975,1,False
807,140,2,9,973,1,9,140,1,True,975,1,False
808,140,2,9,973,1,9,140,2,False,975,1,False
809,140,2,9,973,2,9,140,1,False,975,1,False
810,140,2,9,973,2,9,140,2,True,975,1,False
811,140,2,9,973,1,9,973,1,True,975,1,False
812,140,2,9,973,1,9,973,2,False,975,1,False
813,140,2,9,973,2,9,973,1,False,975,1,False
814,140,2,9,973,2,9,973,2,True,975,1,False
815,140,2,9,973,1,9,974,1,True,975,1,False
816,140,2,9,973,1,9,974,2,False,975,1,False
817,140,2,9,973,2,9,974,1,False,975,1,False
818,140,2,9,973,2,9,974,2,True,975,1,False
819,140,2,9,973,1,9,975,1,True,975,1,False
820,140,2,9,973,1,9,975,2,False,975,1,False
821,140,2,9,973,2,9,975,1,False,975,1,False
822,140,2,9,973,2,9,975,2,True,975,1,False
823,140,2,9,974,1,9,140,1,True,975,1,False
824,140,2,9,974,1,9,140,2,False,975,1,False
825,140,2,9,974,2,9,140,1,False,975,1,False
826,140,2,9,974,2,9,140,2,True,975,1,False
827,140,2,9,974,1,9,973,1,True,975,1,False
828,140,2,9,974,1,9,973,2,False,975,1,False
829,140,2,9,974,2,9,973,1,False,975,1,False
830,140,2,9,974,2,9,973,2,True,975,1,False
831,140,2,9,974,1,9,974,1,True,975,1,False
832,140,2,9,974,1,9,974,2,False,975,1,False
833,140,2,9,974,2,9,974,1,False,975,1,False
834,140,2,9,974,2,9,974,2,True,975,1,False
835,140,2,9,974,1,9,975,1,True,975,1,False
836,140,2,9,974,1,9,975,2,False,975,1,False
837,140,2,9,974,2,9,975,1,False,975,1,False
838,140,2,9,974,2,9,975,2,True,975,1,False
839,140,2,9,975,1,9,140,1,True,975,1,False
840,140,2,9,975,1,9,140,2,False,975,1,False
841,140,2,9,975,2,9,140,1,False,975,1,False
842,140,2,9,975,2,9,140,2,True,975,1,False
843,140,2,9,975,1,9,973,1,True,975,1,False
844,140,2,9,975,1,9,973,2,False,975,1,False
845,140,2,9,975,2,9,973,1,False,975,1,False
846,140,2,9,975,2,9,973,2,True,975,1,False
847,140,2,9,975,1,9,974,1,True,975,1,False
848,140,2,9,975,1,9,974,2,False,975,1,False
849,140,2,9,975,2,9,974,1,False,975,1,False
850,140,2,9,975,2,9,974,2,True,975,1,False
851,140,2,9,975,1,9,975,1,True,975,1,False
852,140,2,9,975,1,9,975,2,False,975,1,False
853,140,2,9,975,2,9,975,1,False,975,1,False
854,140,2,9,975,2,9,975,2,True,975,1,False
855,140,2,9,140,2,9,975,2,True,975,2,True
856,140,2,9,973,1,9,140,1,True,975,2,True
857,140,2,9,973,1,9,140,2,False,975,2,True
858,140,2,9,973,2,9,140,1,False,975,2,True
859,140,2,9,973,2,9,140,2,True,975,2,True
860,140,2,9,973,1,9,973,1,True,975,2,True
861,140,2,9,973,1,9,973,2,False,975,2,True
862,140,2,9,973,2,9,973,1,False,975,2,True
863,140,2,9,973,2,9,973,2,True,975,2,True
864,140,2,9,973,1,9,974,1,True,975,2,True
865,140,2,9,973,1,9,974,2,False,975,2,True
866,140,2,9,973,2,9,974,1,False,975,2,True
867,140,2,9,973,2,9,974,2,True,975,2,True
868,140,2,9,973,1,9,975,1,True,975,2,True
869,140,2,9,973,1,9,975,2,False,975,2,True
870,140,2,9,973,2,9,975,1,False,975,2,True
871,140,2,9,973,2,9,975,2,True,975,2,True
872,140,2,9,974,1,9,140,1,True,975,2,True
873,140,2,9,974,1,9,140,2,False,975,2,True
874,140,2,9,974,2,9,140,1,False,975,2,True
875,140,2,9,974,2,9,140,2,True,975,2,True
876,140,2,9,974,1,9,973,1,True,975,2,True
877,140,2,9,974,1,9,973,2,False,975,2,True
878,140,2,9,974,2,9,973,1,False,975,2,True
879,140,2,9,974,2,9,973,2,True,975,2,True
880,140,2,9,974,1,9,974,1,True,975,2,True
881,140,2,9,974,1,9,974,2,False,975,2,True
882,140,2,9,974,2,9,974,1,False,975,2,True
883,140,2,9,974,2,9,974,2,True,975,2,True
884,140,2,9,974,1,9,975,1,True,975,2,True
885,140,2,9,974,1,9,975,2,False,975,2,True
886,140,2,9,974,2,9,975,1,False,975,2,True
887,140,2,9,974,2,9,975,2,True,975,2,True
888,140,2,9,975,1,9,140,1,True,975,2,True
889,140,2,9,975,1,9,140,2,False,975,2,True
890,140,2,9,975,2,9,140,1,False,975,2,True
891,140,2,9,975,2,9,140,2,True,975,2,True
892,140,2,9,975,1,9,973,1,True,975,2,True
893,140,2,9,975,1,9,973,2,False,975,2,True
894,140,2,9,975,2,9,973,1,False,975,2,True
895,140,2,9,975,2,9,973,2,True,975,2,True
896,140,2,9,975,1,9,974,1,True,975,2,True
897,140,2,9,975,1,9,974,2,False,975,2,True
898,140,2,9,975,2,9,974,1,False,975,2,True
899,140,2,9,975,2,9,974,2,True,975,2,True
900,140,2,9,975,1,9,975,1,True,975,2,True
901,140,2,9,975,1,9,975,2,False,975,2,True
902,140,2,9,975,2,9,975,1,False,975,2,True
903,140,2,9,975,2,9,975,2,True,975,2,True
904,973,1,9,973,1,9,140,1,True,140,1,True
905,973,1,9,973,1,9,140,2,False,140,1,True
906,973,1,9,973,2,9,140,1,False,140,1,True
907,973,1,9,973,2,9,140,2,True,140,1,True
908,973,1,9,973,1,9,973,1,True,140,1,True
909,973,1,9,973,1,9,973,2,False,140,1,True
910,973,1,9,973,2,9,973,1,False,140,1,True
911,973,1,9,973,2,9,973,2,True,140,1,True
912,973,1,9,973,1,9,974,1,True,140,1,True
913,973,1,9,973,1,9,974,2,False,140,1,True
914,973,1,9,973,2,9,974,1,False,140,1,True
915,973,1,9,973,2,9,974,2,True,140,1,True
916,973,1,9,973,1,9,975,1,True,140,1,True
917,973,1,9,973,1,9,975,2,False,140,1,True
918,973,1,9,973,2,9,975,1,False,140,1,True
919,973,1,9,973,2,9,975,2,True,140,1,True
920,973,1,9,974,1,9,140,1,True,140,1,True
921,973,1,9,974,1,9,140,2,False,140,1,True
922,973,1,9,974,2,9,140,1,False,140,1,True
923,973,1,9,974,2,9,140,2,True,140,1,True
924,973,1,9,974,1,9,973,1,True,140,1,True
925,973,1,9,974,1,9,973,2,False,140,1,True
926,973,1,9,974,2,9,973,1,False,140,1,True
927,973,1,9,974,2,9,973,2,True,140,1,True
928,973,1,9,974,1,9,974,1,True,140,1,True
929,973,1,9,974,1,9,974,2,False,140,1,True
930,973,1,9,974,2,9,974,1,False,140,1,True
931,973,1,9,974,2,9,974,2,True,140,1,True
932,973,1,9,974,1,9,975,1,True,140,1,True
933,973,1,9,974,1,9,975,2,False,140,1,True
934,973,1,9,974,2,9,975,1,False,140,1,True
935,973,1,9,974,2,9,975,2,True,140,1,True
936,973,1,9,975,1,9,140,1,True,140,1,True
937,973,1,9,975,1,9,140,2,False,140,1,True
938,973,1,9,975,2,9,140,1,False,140,1,True
939,973,1,9,975,2,9,140,2,True,140,1,True
940,973,1,9,975,1,9,973,1,True,140,1,True
941,973,1,9,975,1,9,973,2,False,140,1,True
942,973,1,9,975,2,9,973,1,False,140,1,True
943,973,1,9,975,2,9,973,2,True,140,1,True
944,973,1,9,975,1,9,974,1,True,140,1,True
945,973,1,9,975,1,9,974,2,False,140,1,True
946,973,1,9,975,2,9,974,1,False,140,1,True
947,973,1,9,975,2,9,974,2,True,140,1,True
948,973,1,9,975,1,9,975,1,True,140,1,True
949,973,1,9,975,1,9,975,2,False,140,1,True
950,973,1,9,975,2,9,975,1,False,140,1,True
951,973,1,9,975,2,9,975,2,True,140,1,True
952,973,1,9,973,1,9,140,2,False,140,2,False
953,973,1,9,973,2,9,140,1,False,140,2,False
954,973,1,9,973,2,9,140,2,True,140,2,False
955,973,1,9,973,1,9,973,1,True,140,2,False
956,973,1,9,973,1,9,973,2,False,140,2,False
957,973,1,9,973,2,9,973,1,False,140,2,False
958,973,1,9,973,2,9,973,2,True,140,2,False
959,973,1,9,973,1,9,974,1,True,140,2,False
960,973,1,9,973,1,9,974,2,False,140,2,False
961,973,1,9,973,2,9,974,1,False,140,2,False
962,973,1,9,973,2,9,974,2,True,140,2,False
963,973,1,9,973,1,9,975,1,True,140,2,False
964,973,1,9,973,1,9,975,2,False,140,2,False
965,973,1,9,973,2,9,975,1,False,140,2,False
966,973,1,9,973,2,9,975,2,True,140,2,False
967,973,1,9,974,1,9,140,1,True,140,2,False
968,973,1,9,974,1,9,140,2,False,140,2,False
969,973,1,9,974,2,9,140,1,False,140,2,False
970,973,1,9,974,2,9,140,2,True,140,2,False
971,973,1,9,974,1,9,973,1,True,140,2,False
972,973,1,9,974,1,9,973,2,False,140,2,False
973,973,1,9,974,2,9,973,1,False,140,2,False
974,973,1,9,974,2,9,973,2,True,140,2,False
975,973,1,9,974,1,9,974,1,True,140,2,False
976,973,1,9,974,1,9,974,2,False,140,2,False
977,973,1,9,974,2,9,974,1,False,140,2,False
978,973,1,9,974,2,9,974,2,True,140,2,False
979,973,1,9,974,1,9,975,1,True,140,2,False
980,973,1,9,974,1,9,975,2,False,140,2,False
981,973,1,9,974,2,9,975,1,False,140,2,False
982,973,1,9,974,2,9,975,2,True,140,2,False
983,973,1,9,975,1,9,140,1,True,140,2,False
984,973,1,9,975,1,9,140,2,False,140,2,False
985,973,1,9,975,2,9,140,1,False,140,2,False
986,973,1,9,975,2,9,140,2,True,140,2,False
987,973,1,9,975,1,9,973,1,True,140,2,False
988,973,1,9,975,1,9,973,2,False,140,2,False
989,973,1,9,975,2,9,973,1,False,140,2,False
990,973,1,9,975,2,9,973,2,True,140,2,False
991,973,1,9,975,1,9,974,1,True,140,2,False
992,973,1,9,975,1,9,974,2,False,140,2,False
993,973,1,9,975,2,9,974,1,False,140,2,False
994,973,1,9,975,2,9,974,2,True,140,2,False
995,973,1,9,975,1,9,975,1,True,140,2,False
996,973,1,9,975,1,9,975,2,False,140,2,False
997,973,1,9,975,2,9,975,1,False,140,2,False
998,973,1,9,975,2,9,975,2,True,140,2,False
999,973,2,9,973,2,9,140,1,False,140,1,False
1000,973,2,9,973,2,9,140,2,True,140,1,False
1001,973,2,9,973,1,9,973,1,True,140,1,False
1002,973,2,9,973,1,9,973,2,False,140,1,False
1003,973,2,9,973,2,9,973,1,False,140,1,False
1004,973,2,9,973,2,9,973,2,True,140,1,False
1005,973,2,9,973,1,9,974,1,True,140,1,False
1006,973,2,9,973,1,9,974,2,False,140,1,False
1007,973,2,9,973,2,9,974,1,False,140,1,False
1008,973,2,9,973,2,9,974,2,True,140,1,False
1009,973,2,9,973,1,9,975,1,True,140,1,False
1010,973,2,9,973,1,9,975,2,False,140,1,False
1011,973,2,9,973,2,9,975,1,False,140,1,False
1012,973,2,9,973,2,9,975,2,True,140,1,False
1013,973,2,9,974,1,9,140,1,True,140,1,False
1014,973,2,9,974,1,9,140,2,False,140,1,False
1015,973,2,9,974,2,9,140,1,False,140,1,False
1016,973,2,9,974,2,9,140,2,True,140,1,False
1017,973,2,9,974,1,9,973,1,True,140,1,False
1018,973,2,9,974,1,9,973,2,False,140,1,False
1019,973,2,9,974,2,9,973,1,False,140,1,False
1020,973,2,9,974,2,9,973,2,True,140,1,False
1021,973,2,9,974,1,9,974,1,True,140,1,False
1022,973,2,9,974,1,9,974,2,False,140,1,False
1023,973,2,9,974,2,9,974,1,False,140,1,False
1024,973,2,9,974,2,9,974,2,True,140,1,False
1025,973,2,9,974,1,9,975,1,True,140,1,False
1026,973,2,9,974,1,9,975,2,False,140,1,False
1027,973,2,9,974,2,9,975,1,False,140,1,False
1028,973,2,9,974,2,9,975,2,True,140,1,False
1029,973,2,9,975,1,9,140,1,True,140,1,False
1030,973,2,9,975,1,9,140,2,False,140,1,False
1031,973,2,9,975,2,9,140,1,False,140,1,False
1032,973,2,9,975,2,9,140,2,True,140,1,False
1033,973,2,9,975,1,9,973,1,True,140,1,False
1034,973,2,9,975,1,9,973,2,False,140,1,False
1035,973,2,9,975,2,9,973,1,False,140,1,False
1036,973,2,9,975,2,9,973,2,True,140,1,False
1037,973,2,9,975,1,9,974,1,True,140,1,False
1038,973,2,9,975,1,9,974,2,False,140,1,False
1039,973,2,9,975,2,9,974,1,False,140,1,False
1040,973,2,9,975,2,9,974,2,True,140,1,False
1041,973,2,9,975,1,9,975,1,True,140,1,False
1042,973,2,9,975,1,9,975,2,False,140,1,False
1043,973,2,9,975,2,9,975,1,False,140,1,False
1044,973,2,9,975,2,9,975,2,True,140,1,False
1045,973,2,9,973,2,9,140,2,True,140,2,True
1046,973,2,9,973,1,9,973,1,True,140,2,True
1047,973,2,9,973,1,9,973,2,False,140,2,True
1048,973,2,9,973,2,9,973,1,False,140,2,True
1049,973,2,9,973,2,9,973,2,True,140,2,True
1050,973,2,9,973,1,9,974,1,True,140,2,True
1051,973,2,9,973,1,9,974,2,False,140,2,True
1052,973,2,9,973,2,9,974,1,False,140,2,True
1053,973,2,9,973,2,9,974,2,True,140,2,True
1054,973,2,9,973,1,9,975,1,True,140,2,True
1055,973,2,9,973,1,9,975,2,False,140,2,True
1056,973,2,9,973,2,9,975,1,False,140,2,True
1057,973,2,9,973,2,9,975,2,True,140,2,True
1058,973,2,9,974,1,9,140,1,True,140,2,True
1059,973,2,9,974,1,9,140,2,False,140,2,True
1060,973,2,9,974,2,9,140,1,False,140,2,True
1061,973,2,9,974,2,9,140,2,True,140,2,True
1062,973,2,9,974,1,9,973,1,True,140,2,True
1063,973,2,9,974,1,9,973,2,False,140,2,True
1064,973,2,9,974,2,9,973,1,False,140,2,True
1065,973,2,9,974,2,9,973,2,True,140,2,True
1066,973,2,9,974,1,9,974,1,True,140,2,True
1067,973,2,9,974,1,9,974,2,False,140,2,True
1068,973,2,9,974,2,9,974,1,False,140,2,True
1069,973,2,9,974,2,9,974,2,True,140,2,True
1070,973,2,9,974,1,9,975,1,True,140,2,True
1071,973,2,9,974,1,9,975,2,False,140,2,True
1072,973,2,9,974,2,9,975,1,False,140,2,True
1073,973,2,9,974,2,9,975,2,True,140,2,True
1074,973,2,9,975,1,9,140,1,True,140,2,True
1075,973,2,9,975,1,9,140,2,False,140,2,True
1076,973,2,9,975,2,9,140,1,False,140,2,True
1077,973,2,9,975,2,9,140,2,True,140,2,True
1078,973,2,9,975,1,9,973,1,True,140,2,True
1079,973,2,9,975,1,9,973,2,False,140,2,True
1080,973,2,9,975,2,9,973,1,False,140,2,True
1081,973,2,9,975,2,9,973,2,True,140,2,True
1082,973,2,9,975,1,9,974,1,True,140,2,True
1083,973,2,9,975,1,9,974,2,False,140,2,True
1084,973,2,9,975,2,9,974,1,False,140,2,True
1085,973,2,9,975,2,9,974,2,True,140,2,True
1086,973,2,9,975,1,9,975,1,True,140,2,True
1087,973,2,9,975,1,9,975,2,False,140,2,True
1088,973,2,9,975,2,9,975,1,False,140,2,True
1089,973,2,9,975,2,9,975,2,True,140,2,True
1090,973,1,9,973,1,9,973,1,True,973,1,True
1091,973,1,9,973,1,9,973,2,False,973,1,True
1092,973,1,9,973,2,9,973,1,False,973,1,True
1093,973,1,9,973,2,9,973,2,True,973,1,True
1094,973,1,9,973,1,9,974,1,True,973,1,True
1095,973,1,9,973,1,9,974,2,False,973,1,True
1096,973,1,9,973,2,9,974,1,False,973,1,True
1097,973,1,9,973,2,9,974,2,True,973,1,True
1098,973,1,9,973,1,9,975,1,True,973,1,True
1099,973,1,9,973,1,9,975,2,False,973,1,True
1100,973,1,9,973,2,9,975,1,False,973,1,True
1101,973,1,9,973,2,9,975,2,True,973,1,True
1102,973,1,9,974,1,9,140,1,True,973,1,True
1103,973,1,9,974,1,9,140,2,False,973,1,True
1104,973,1,9,974,2,9,140,1,False,973,1,True
1105,973,1,9,974,2,9,140,2,True,973,1,True
1106,973,1,9,974,1,9,973,1,True,973,1,True
1107,973,1,9,974,1,9,973,2,False,973,1,True
1108,973,1,9,974,2,9,973,1,False,973,1,True
1109,973,1,9,974,2,9,973,2,True,973,1,True
1110,973,1,9,974,1,9,974,1,True,973,1,True
1111,973,1,9,974,1,9,974,2,False,973,1,True
1112,973,1,9,974,2,9,974,1,False,973,1,True
1113,973,1,9,974,2,9,974,2,True,973,1,True
1114,973,1,9,974,1,9,975,1,True,973,1,True
1115,973,1,9,974,1,9,975,2,False,973,1,True
1116,973,1,9,974,2,9,975,1,False,973,1,True
1117,973,1,9,974,2,9,975,2,True,973,1,True
1118,973,1,9,975,1,9,140,1,True,973,1,True
1119,973,1,9,975,1,9,140,2,False,973,1,True
1120,973,1,9,975,2,9,140,1,False,973,1,True
1121,973,1,9,975,2,9,140,2,True,973,1,True
1122,973,1,9,975,1,9,973,1,True,973,1,True
1123,973,1,9,975,1,9,973,2,False,973,1,True
1124,973,1,9,975,2,9,973,1,False,973,1,True
1125,973,1,9,975,2,9,973,2,True,973,1,True
1126,973,1,9,975,1,9,974,1,True,973,1,True
1127,973,1,9,975,1,9,974,2,False,973,1,True
1128,973,1,9,975,2,9,974,1,False,973,1,True
1129,973,1,9,975,2,9,974,2,True,973,1,True
1130,973,1,9,975,1,9,975,1,True,973,1,True
1131,973,1,9,975,1,9,975,2,False,973,1,True
1132,973,1,9,975,2,9,975,1,False,973,1,True
1133,973,1,9,975,2,9,975,2,True,973,1,True
1134,973,1,9,973,1,9,973,2,False,973,2,False
1135,973,1,9,973,2,9,973,1,False,973,2,False
1136,973,1,9,973,2,9,973,2,True,973,2,False
1137,973,1,9,973,1,9,974,1,True,973,2,False
1138,973,1,9,973,1,9,974,2,False,973,2,False
1139,973,1,9,973,2,9,974,1,False,973,2,False
1140,973,1,9,973,2,9,974,2,True,973,2,False
1141,973,1,9,973,1,9,975,1,True,973,2,False
1142,973,1,9,973,1,9,975,2,False,973,2,False
1143,973,1,9,973,2,9,975,1,False,973,2,False
1144,973,1,9,973,2,9,975,2,True,973,2,False
1145,973,1,9,974,1,9,140,1,True,973,2,False
1146,973,1,9,974,1,9,140,2,False,973,2,False
1147,973,1,9,974,2,9,140,1,False,973,2,False
1148,973,1,9,974,2,9,140,2,True,973,2,False
1149,973,1,9,974,1,9,973,1,True,973,2,False
1150,973,1,9,974,1,9,973,2,False,973,2,False
1151,973,1,9,974,2,9,973,1,False,973,2,False
1152,973,1,9,974,2,9,973,2,True,973,2,False
1153,973,1,9,974,1,9,974,1,True,973,2,False
1154,973,1,9,974,1,9,974,2,False,973,2,False
1155,973,1,9,974,2,9,974,1,False,973,2,False
1156,973,1,9,974,2,9,974,2,True,973,2,False
1157,973,1,9,974,1,9,975,1,True,973,2,False
1158,973,1,9,974,1,9,975,2,False,973,2,False
1159,973,1,9,974,2,9,975,1,False,973,2,False
1160,973,1,9,974,2,9,975,2,True,973,2,False
1161,973,1,9,975,1,9,140,1,True,973,2,False
1162,973,1,9,975,1,9,140,2,False,973,2,False
1163,973,1,9,975,2,9,140,1,False,973,2,False
1164,973,1,9,975,2,9,140,2,True,973,2,False
1165,973,1,9,975,1,9,973,1,True,973,2,False
1166,973,1,9,975,1,9,973,2,False,973,2,False
1167,973,1,9,975,2,9,973,1,False,973,2,False
1168,973,1,9,975,2,9,973,2,True,973,2,False
1169,973,1,9,975,1,9,974,1,True,973,2,False
1170,973,1,9,975,1,9,974,2,False,973,2,False
1171,973,1,9,975,2,9,974,1,False,973,2,False
1172,973,1,9,975,2,9,974,2,True,973,2,False
1173,973,1,9,975,1,9,975,1,True,973,2,False
1174,973,1,9,975,1,9,975,2,False,973,2,False
1175,973,1,9,975,2,9,975,1,False,973,2,False
1176,973,1,9,975,2,9,975,2,True,973,2,False
1177,973,2,9,973,2,9,973,1,False,973,1,False
1178,973,2,9,973,2,9,973,2,True,973,1,False
1179,973,2,9,973,1,9,974,1,True,973,1,False
1180,973,2,9,973,1,9,974,2,False,973,1,False
1181,973,2,9,973,2,9,974,1,False,973,1,False
1182,973,2,9,973,2,9,974,2,True,973,1,False
1183,973,2,9,973,1,9,975,1,True,973,1,False
1184,973,2,9,973,1,9,975,2,False,973,1,False
1185,973,2,9,973,2,9,975,1,False,973,1,False
1186,973,2,9,973,2,9,975,2,True,973,1,False
1187,973,2,9,974,1,9,140,1,True,973,1,False
1188,973,2,9,974,1,9,140,2,False,973,1,False
1189,973,2,9,974,2,9,140,1,False,973,1,False
1190,973,2,9,974,2,9,140,2,True,973,1,False
1191,973,2,9,974,1,9,973,1,True,973,1,False
1192,973,2,9,974,1,9,973,2,False,973,1,False
1193,973,2,9,974,2,9,973,1,False,973,1,False
1194,973,2,9,974,2,9,973,2,True,973,1,False
1195,973,2,9,974,1,9,974,1,True,973,1,False
1196,973,2,9,974,1,9,974,2,False,973,1,False
1197,973,2,9,974,2,9,974,1,False,973,1,False
1198,973,2,9,974,2,9,974,2,True,973,1,False
1199,973,2,9,974,1,9,975,1,True,973,1,False
1200,973,2,9,974,1,9,975,2,False,973,1,False
1201,973,2,9,974,2,9,975,1,False,973,1,False
1202,973,2,9,974,2,9,975,2,True,973,1,False
1203,973,2,9,975,1,9,140,1,True,973,1,False
1204,973,2,9,975,1,9,140,2,False,973,1,False
1205,973,2,9,975,2,9,140,1,False,973,1,False
1206,973,2,9,975,2,9,140,2,True,973,1,False
1207,973,2,9,975,1,9,973,1,True,973,1,False
1208,973,2,9,975,1,9,973,2,False,973,1,False
1209,973,2,9,975,2,9,973,1,False,973,1,False
1210,973,2,9,975,2,9,973,2,True,973,1,False
1211,973,2,9,975,1,9,974,1,True,973,1,False
1212,973,2,9,975,1,9,974,2,False,973,1,False
1213,973,2,9,975,2,9,974,1,False,973,1,False
1214,973,2,9,975,2,9,974,2,True,973,1,False
1215,973,2,9,975,1,9,975,1,True,973,1,False
1216,973,2,9,975,1,9,975,2,False,973,1,False
1217,973,2,9,975,2,9,975,1,False,973,1,False
1218,973,2,9,975,2,9,975,2,True,973,1,False
1219,973,2,9,973,2,9,973,2,True,973,2,True
1220,973,2,9,973,1,9,974,1,True,973,2,True
1221,973,2,9,973,1,9,974,2,False,973,2,True
1222,973,2,9,973,2,9,974,1,False,973,2,True
1223,973,2,9,973,2,9,974,2,True,973,2,True
1224,973,2,9,973,1,9,975,1,True,973,2,True
1225,973,2,9,973,1,9,975,2,False,973,2,True
1226,973,2,9,973,2,9,975,1,False,973,2,True
1227,973,2,9,973,2,9,975,2,True,973,2,True
1228,973,2,9,974,1,9,140,1,True,973,2,True
1229,973,2,9,974,1,9,140,2,False,973,2,True
1230,973,2,9,974,2,9,140,1,False,973,2,True
1231,973,2,9,974,2,9,140,2,True,973,2,True
1232,973,2,9,974,1,9,973,1,True,973,2,True
1233,973,2,9,974,1,9,973,2,False,973,2,True
1234,973,2,9,974,2,9,973,1,False,973,2,True
1235,973,2,9,974,2,9,973,2,True,973,2,True
1236,973,2,9,974,1,9,974,1,True,973,2,True
1237,973,2,9,974,1,9,974,2,False,973,2,True
1238,973,2,9,974,2,9,974,1,False,973,2,True
1239,973,2,9,974,2,9,974,2,True,973,2,True
1240,973,2,9,974,1,9,975,1,True,973,2,True
1241,973,2,9,974,1,9,975,2,False,973,2,True
1242,973,2,9,974,2,9,975,1,False,973,2,True
1243,973,2,9,974,2,9,975,2,True,973,2,True
1244,973,2,9,975,1,9,140,1,True,973,2,True
1245,973,2,9,975,1,9,140,2,False,973,2,True
1246,973,2,9,975,2,9,140,1,False,973,2,True
1247,973,2,9,975,2,9,140,2,True,973,2,True
1248,973,2,9,975,1,9,973,1,True,973,2,True
1249,973,2,9,975,1,9,973,2,False,973,2,True
1250,973,2,9,975,2,9,973,1,False,973,2,True
1251,973,2,9,975,2,9,973,2,True,973,2,True
1252,973,2,9,975,1,9,974,1,True,973,2,True
1253,973,2,9,975,1,9,974,2,False,973,2,True
1254,973,2,9,975,2,9,974,1,False,973,2,True
1255,973,2,9,975,2,9,974,2,True,973,2,True
1256,973,2,9,975,1,9,975,1,True,973,2,True
1257,973,2,9,975,1,9,975,2,False,973,2,True
1258,973,2,9,975,2,9,975,1,False,973,2,True
1259,973,2,9,975,2,9,975,2,True,973,2,True
1260,973,1,9,973,1,9,974,1,True,974,1,True
1261,973,1,9,973,1,9,974,2,False,974,1,True
1262,973,1,9,973,2,9,974,1,False,974,1,True
1263,973,1,9,973,2,9,974,2,True,974,1,True
1264,973,1,9,973,1,9,975,1,True,974,1,True
1265,973,1,9,973,1,9,975,2,False,974,1,True
1266,973,1,9,973,2,9,975,1,False,974,1,True
1267,973,1,9,973,2,9,975,2,True,974,1,True
1268,973,1,9,974,1,9,140,1,True,974,1,True
1269,973,1,9,974,1,9,140,2,False,974,1,True
1270,973,1,9,974,2,9,140,1,False,974,1,True
1271,973,1,9,974,2,9,140,2,True,974,1,True
1272,973,1,9,974,1,9,973,1,True,974,1,True
1273,973,1,9,974,1,9,973,2,False,974,1,True
1274,973,1,9,974,2,9,973,1,False,974,1,True
1275,973,1,9,974,2,9,973,2,True,974,1,True
1276,973,1,9,974,1,9,974,1,True,974,1,True
1277,973,1,9,974,1,9,974,2,False,974,1,True
1278,973,1,9,974,2,9,974,1,False,974,1,True
1279,973,1,9,974,2,9,974,2,True,974,1,True
1280,973,1,9,974,1,9,975,1,True,974,1,True
1281,973,1,9,974,1,9,975,2,False,974,1,True
1282,973,1,9,974,2,9,975,1,False,974,1,True
1283,973,1,9,974,2,9,975,2,True,974,1,True
1284,973,1,9,975,1,9,140,1,True,974,1,True
1285,973,1,9,975,1,9,140,2,False,974,1,True
1286,973,1,9,975,2,9,140,1,False,974,1,True
1287,973,1,9,975,2,9,140,2,True,974,1,True
1288,973,1,9,975,1,9,973,1,True,974,1,True
1289,973,1,9,975,1,9,973,2,False,974,1,True
1290,973,1,9,975,2,9,973,1,False,974,1,True
1291,973,1,9,975,2,9,973,2,True,974,1,True
1292,973,1,9,975,1,9,974,1,True,974,1,True
1293,973,1,9,975,1,9,974,2,False,974,1,True
1294,973,1,9,975,2,9,974,1,False,974,1,True
1295,973,1,9,975,2,9,974,2,True,974,1,True
1296,973,1,9,975,1,9,975,1,True,974,1,True
1297,973,1,9,975,1,9,975,2,False,974,1,True
1298,973,1,9,975,2,9,975,1,False,974,1,True
1299,973,1,9,975,2,9,975,2,True,974,1,True
1300,973,1,9,973,1,9,974,2,False,974,2,False
1301,973,1,9,973,2,9,974,1,False,974,2,False
1302,973,1,9,973,2,9,974,2,True,974,2,False
1303,973,1,9,973,1,9,975,1,True,974,2,False
1304,973,1,9,973,1,9,975,2,False,974,2,False
1305,973,1,9,973,2,9,975,1,False,974,2,False
1306,973,1,9,973,2,9,975,2,True,974,2,False
1307,973,1,9,974,1,9,140,1,True,974,2,False
1308,973,1,9,974,1,9,140,2,False,974,2,False
1309,973,1,9,974,2,9,140,1,False,974,2,False
1310,973,1,9,974,2,9,140,2,True,974,2,False
1311,973,1,9,974,1,9,973,1,True,974,2,False
1312,973,1,9,974,1,9,973,2,False,974,2,False
1313,973,1,9,974,2,9,973,1,False,974,2,False
1314,973,1,9,974,2,9,973,2,True,974,2,False
1315,973,1,9,974,1,9,974,1,True,974,2,False
1316,973,1,9,974,1,9,974,2,False,974,2,False
1317,973,1,9,974,2,9,974,1,False,974,2,False
1318,973,1,9,974,2,9,974,2,True,974,2,False
1319,973,1,9,974,1,9,975,1,True,974,2,False
1320,973,1,9,974,1,9,975,2,False,974,2,False
1321,973,1,9,974,2,9,975,1,False,974,2,False
1322,973,1,9,974,2,9,975,2,True,974,2,False
1323,973,1,9,975,1,9,140,1,True,974,2,False
1324,973,1,9,975,1,9,140,2,False,974,2,False
1325,973,1,9,975,2,9,140,1,False,974,2,False
1326,973,1,9,975,2,9,140,2,True,974,2,False
1327,973,1,9,975,1,9,973,1,True,974,2,False
1328,973,1,9,975,1,9,973,2,False,974,2,False
1329,973,1,9,975,2,9,973,1,False,974,2,False
1330,973,1,9,975,2,9,973,2,True,974,2,False
1331,973,1,9,975,1,9,974,1,True,974,2,False
1332,973,1,9,975,1,9,974,2,False,974,2,False
1333,973,1,9,975,2,9,974,1,False,974,2,False
1334,973,1,9,975,2,9,974,2,True,974,2,False
1335,973,1,9,975,1,9,975,1,True,974,2,False
1336,973,1,9,975,1,9,975,2,False,974,2,False
1337,973,1,9,975,2,9,975,1,False,974,2,False
1338,973,1,9,975,2,9,975,2,True,974,2,False
1339,973,2,9,973,2,9,974,1,False,974,1,False
1340,973,2,9,973,2,9,974,2,True,974,1,False
1341,973,2,9,973,1,9,975,1,True,974,1,False
1342,973,2,9,973,1,9,975,2,False,974,1,False
1343,973,2,9,973,2,9,975,1,False,974,1,False
1344,973,2,9,973,2,9,975,2,True,974,1,False
1345,973,2,9,974,1,9,140,1,True,974,1,False
1346,973,2,9,974,1,9,140,2,False,974,1,False
1347,973,2,9,974,2,9,140,1,False,974,1,False
1348,973,2,9,974,2,9,140,2,True,974,1,False
1349,973,2,9,974,1,9,973,1,True,974,1,False
1350,973,2,9,974,1,9,973,2,False,974,1,False
1351,973,2,9,974,2,9,973,1,False,974,1,False
1352,973,2,9,974,2,9,973,2,True,974,1,False
1353,973,2,9,974,1,9,974,1,True,974,1,False
1354,973,2,9,974,1,9,974,2,False,974,1,False
1355,973,2,9,974,2,9,974,1,False,974,1,False
1356,973,2,9,974,2,9,974,2,True,974,1,False
1357,973,2,9,974,1,9,975,1,True,974,1,False
1358,973,2,9,974,1,9,975,2,False,974,1,False
1359,973,2,9,974,2,9,975,1,False,974,1,False
1360,973,2,9,974,2,9,975,2,True,974,1,False
1361,973,2,9,975,1,9,140,1,True,974,1,False
1362,973,2,9,975,1,9,140,2,False,974,1,False
1363,973,2,9,975,2,9,140,1,False,974,1,False
1364,973,2,9,975,2,9,140,2,True,974,1,False
1365,973,2,9,975,1,9,973,1,True,974,1,False
1366,973,2,9,975,1,9,973,2,False,974,1,False
1367,973,2,9,975,2,9,973,1,False,974,1,False
1368,973,2,9,975,2,9,973,2,True,974,1,False
1369,973,2,9,975,1,9,974,1,True,974,1,False
1370,973,2,9,975,1,9,974,2,False,974,1,False
1371,973,2,9,975,2,9,974,1,False,974,1,False
1372,973,2,9,975,2,9,974,2,True,974,1,False
1373,973,2,9,975,1,9,975,1,True,974,1,False
1374,973,2,9,975,1,9,975,2,False,974,1,False
1375,973,2,9,975,2,9,975,1,False,974,1,False
1376,973,2,9,975,2,9,975,2,True,974,1,False
1377,973,2,9,973,2,9,974,2,True,974,2,True
1378,973,2,9,973,1,9,975,1,True,974,2,True
1379,973,2,9,973,1,9,975,2,False,974,2,True
1380,973,2,9,973,2,9,975,1,False,974,2,True
1381,973,2,9,973,2,9,975,2,True,974,2,True
1382,973,2,9,974,1,9,140,1,True,974,2,True
1383,973,2,9,974,1,9,140,2,False,974,2,True
1384,973,2,9,974,2,9,140,1,False,974,2,True
1385,973,2,9,974,2,9,140,2,True,974,2,True
1386,973,2,9,974,1,9,973,1,True,974,2,True
1387,973,2,9,974,1,9,973,2,False,974,2,True
1388,973,2,9,974,2,9,973,1,False,974,2,True
1389,973,2,9,974,2,9,973,2,True,974,2,True
1390,973,2,9,974,1,9,974,1,True,974,2,True
1391,973,2,9,974,1,9,974,2,False,974,2,True
1392,973,2,9,974,2,9,974,1,False,974,2,True
1393,973,2,9,974,2,9,974,2,True,974,2,True
1394,973,2,9,974,1,9,975,1,True,974,2,True
1395,973,2,9,974,1,9,975,2,False,974,2,True
1396,973,2,9,974,2,9,975,1,False,974,2,True
1397,973,2,9,974,2,9,975,2,True,974,2,True
1398,973,2,9,975,1,9,140,1,True,974,2,True
1399,973,2,9,975,1,9,140,2,False,974,2,True
1400,973,2,9,975,2,9,140,1,False,974,2,True
1401,973,2,9,975,2,9,140,2,True,974,2,True
1402,973,2,9,975,1,9,973,1,True,974,2,True
1403,973,2,9,975,1,9,973,2,False,974,2,True
1404,973,2,9,975,2,9,973,1,False,974,2,True
1405,973,2,9,975,2,9,973,2,True,974,2,True
1406,973,2,9,975,1,9,974,1,True,974,2,True
1407,973,2,9,975,1,9,974,2,False,974,2,True
1408,973,2,9,975,2,9,974,1,False,974,2,True
1409,973,2,9,975,2,9,974,2,True,974,2,True
1410,973,2,9,975,1,9,975,1,True,974,2,True
1411,973,2,9,975,1,9,975,2,False,974,2,True
1412,973,2,9,975,2,9,975,1,False,974,2,True
1413,973,2,9,975,2,9,975,2,True,974,2,True
1414,973,1,9,973,1,9,975,1,True,975,1,True
1415,973,1,9,973,1,9,975,2,False,975,1,True
1416,973,1,9,973,2,9,975,1,False,975,1,True
1417,973,1,9,973,2,9,975,2,True,975,1,True
1418,973,1,9,974,1,9,140,1,True,975,1,True
1419,973,1,9,974,1,9,140,2,False,975,1,True
1420,973,1,9,974,2,9,140,1,False,975,1,True
1421,973,1,9,974,2,9,140,2,True,975,1,True
1422,973,1,9,974,1,9,973,1,True,975,1,True
1423,973,1,9,974,1,9,973,2,False,975,1,True
1424,973,1,9,974,2,9,973,1,False,975,1,True
1425,973,1,9,974,2,9,973,2,True,975,1,True
1426,973,1,9,974,1,9,974,1,True,975,1,True
1427,973,1,9,974,1,9,974,2,False,975,1,True
1428,973,1,9,974,2,9,974,1,False,975,1,True
1429,973,1,9,974,2,9,974,2,True,975,1,True
1430,973,1,9,974,1,9,975,1,True,975,1,True
1431,973,1,9,974,1,9,975,2,False,975,1,True
1432,973,1,9,974,2,9,975,1,False,975,1,True
1433,973,1,9,974,2,9,975,2,True,975,1,True
1434,973,1,9,975,1,9,140,1,True,975,1,True
1435,973,1,9,975,1,9,140,2,False,975,1,True
1436,973,1,9,975,2,9,140,1,False,975,1,True
1437,973,1,9,975,2,9,140,2,True,975,1,True
1438,973,1,9,975,1,9,973,1,True,975,1,True
1439,973,1,9,975,1,9,973,2,False,975,1,True
1440,973,1,9,975,2,9,973,1,False,975,1,True
1441,973,1,9,975,2,9,973,2,True,975,1,True
1442,973,1,9,975,1,9,974,1,True,975,1,True
1443,973,1,9,975,1,9,974,2,False,975,1,True
1444,973,1,9,975,2,9,974,1,False,975,1,True
1445,973,1,9,975,2,9,974,2,True,975,1,True
1446,973,1,9,975,1,9,975,1,True,975,1,True
1447,973,1,9,975,1,9,975,2,False,975,1,True
1448,973,1,9,975,2,9,975,1,False,975,1,True
1449,973,1,9,975,2,9,975,2,True,975,1,True
1450,973,1,9,973,1,9,975,2,False,975,2,False
1451,973,1,9,973,2,9,975,1,False,975,2,False
1452,973,1,9,973,2,9,975,2,True,975,2,False
1453,973,1,9,974,1,9,140,1,True,975,2,False
1454,973,1,9,974,1,9,140,2,False,975,2,False
1455,973,1,9,974,2,9,140,1,False,975,2,False
1456,973,1,9,974,2,9,140,2,True,975,2,False
1457,973,1,9,974,1,9,973,1,True,975,2,False
1458,973,1,9,974,1,9,973,2,False,975,2,False
1459,973,1,9,974,2,9,973,1,False,975,2,False
1460,973,1,9,974,2,9,973,2,True,975,2,False
1461,973,1,9,974,1,9,974,1,True,975,2,False
1462,973,1,9,974,1,9,974,2,False,975,2,False
1463,973,1,9,974,2,9,974,1,False,975,2,False
1464,973,1,9,974,2,9,974,2,True,975,2,False
1465,973,1,9,974,1,9,975,1,True,975,2,False
1466,973,1,9,974,1,9,975,2,False,975,2,False
1467,973,1,9,974,2,9,975,1,False,975,2,False
1468,973,1,9,974,2,9,975,2,True,975,2,False
1469,973,1,9,975,1,9,140,1,True,975,2,False
1470,973,1,9,975,1,9,140,2,False,975,2,False
1471,973,1,9,975,2,9,140,1,False,975,2,False
1472,973,1,9,975,2,9,140,2,True,975,2,False
1473,973,1,9,975,1,9,973,1,True,975,2,False
1474,973,1,9,975,1,9,973,2,False,975,2,False
1475,973,1,9,975,2,9,973,1,False,975,2,False
1476,973,1,9,975,2,9,973,2,True,975,2,False
1477,973,1,9,975,1,9,974,1,True,975,2,False
1478,973,1,9,975,1,9,974,2,False,975,2,False
1479,973,1,9,975,2,9,974,1,False,975,2,False
1480,973,1,9,975,2,9,974,2,True,975,2,False
1481,973,1,9,975,1,9,975,1,True,975,2,False
1482,973,1,9,975,1,9,975,2,False,975,2,False
1483,973,1,9,975,2,9,975,1,False,975,2,False
1484,973,1,9,975,2,9,975,2,True,975,2,False
1485,973,2,9,973,2,9,975,1,False,975,1,False
1486,973,2,9,973,2,9,975,2,True,975,1,False
1487,973,2,9,974,1,9,140,1,True,975,1,False
1488,973,2,9,974,1,9,140,2,False,975,1,False
1489,973,2,9,974,2,9,140,1,False,975,1,False
1490,973,2,9,974,2,9,140,2,True,975,1,False
1491,973,2,9,974,1,9,973,1,True,975,1,False
1492,973,2,9,974,1,9,973,2,False,975,1,False
1493,973,2,9,974,2,9,973,1,False,975,1,False
1494,973,2,9,974,2,9,973,2,True,975,1,False
1495,973,2,9,974,1,9,974,1,True,975,1,False
1496,973,2,9,974,1,9,974,2,False,975,1,False
1497,973,2,9,974,2,9,974,1,False,975,1,False
1498,973,2,9,974,2,9,974,2,True,975,1,False
1499,973,2,9,974,1,9,975,1,True,975,1,False
1500,973,2,9,974,1,9,975,2,False,975,1,False
1501,973,2,9,974,2,9,975,1,False,975,1,False
1502,973,2,9,974,2,9,975,2,True,975,1,False
1503,973,2,9,975,1,9,140,1,True,975,1,False
1504,973,2,9,975,1,9,140,2,False,975,1,False
1505,973,2,9,975,2,9,140,1,False,975,1,False
1506,973,2,9,975,2,9,140,2,True,975,1,False
1507,973,2,9,975,1,9,973,1,True,975,1,False
1508,973,2,9,975,1,9,973,2,False,975,1,False
1509,973,2,9,975,2,9,973,1,False,975,1,False
1510,973,2,9,975,2,9,973,2,True,975,1,False
1511,973,2,9,975,1,9,974,1,True,975,1,False
1512,973,2,9,975,1,9,974,2,False,975,1,False
1513,973,2,9,975,2,9,974,1,False,975,1,False
1514,973,2,9,975,2,9,974,2,True,975,1,False
1515,973,2,9,975,1,9,975,1,True,975,1,False
1516,973,2,9,975,1,9,975,2,False,975,1,False
1517,973,2,9,975,2,9,975,1,False,975,1,False
1518,973,2,9,975,2,9,975,2,True,975,1,False
1519,973,2,9,973,2,9,975,2,True,975,2,True
1520,973,2,9,974,1,9,140,1,True,975,2,True
1521,973,2,9,974,1,9,140,2,False,975,2,True
1522,973,2,9,974,2,9,140,1,False,975,2,True
1523,973,2,9,974,2,9,140,2,True,975,2,True
1524,973,2,9,974,1,9,973,1,True,975,2,True
1525,973,2,9,974,1,9,973,2,False,975,2,True
1526,973,2,9,974,2,9,973,1,False,975,2,True
1527,973,2,9,974,2,9,973,2,True,975,2,True
1528,973,2,9,974,1,9,974,1,True,975,2,True
1529,973,2,9,974,1,9,974,2,False,975,2,True
1530,973,2,9,974,2,9,974,1,False,975,2,True
1531,973,2,9,974,2,9,974,2,True,975,2,True
1532,973,2,9,974,1,9,975,1,True,975,2,True
1533,973,2,9,974,1,9,975,2,False,975,2,True
1534,973,2,9,974,2,9,975,1,False,975,2,True
1535,973,2,9,974,2,9,975,2,True,975,2,True
1536,973,2,9,975,1,9,140,1,True,975,2,True
1537,973,2,9,975,1,9,140,2,False,975,2,True
1538,973,2,9,975,2,9,140,1,False,975,2,True
1539,973,2,9,975,2,9,140,2,True,975,2,True
1540,973,2,9,975,1,9,973,1,True,975,2,True
1541,973,2,9,975,1,9,973,2,False,975,2,True
1542,973,2,9,975,2,9,973,1,False,975,2,True
1543,973,2,9,975,2,9,973,2,True,975,2,True
1544,973,2,9,975,1,9,974,1,True,975,2,True
1545,973,2,9,975,1,9,974,2,False,975,2,True
1546,973,2,9,975,2,9,974,1,False,975,2,True
1547,973,2,9,975,2,9,974,2,True,975,2,True
1548,973,2,9,975,1,9,975,1,True,975,2,True
1549,973,2,9,975,1,9,975,2,False,975,2,True
1550,973,2,9,975,2,9,975,1,False,975,2,True
1551,973,2,9,975,2,9,975,2,True,975,2,True
1552,974,1,9,974,1,9,140,1,True,140,1,True
1553,974,1,9,974,1,9,140,2,False,140,1,True
1554,974,1,9,974,2,9,140,1,False,140,1,True
1555,974,1,9,974,2,9,140,2,True,140,1,True
1556,974,1,9,974,1,9,973,1,True,140,1,True
1557,974,1,9,974,1,9,973,2,False,140,1,True
1558,974,1,9,974,2,9,973,1,False,140,1,True
1559,974,1,9,974,2,9,973,2,True,140,1,True
1560,974,1,9,974,1,9,974,1,True,140,1,True
1561,974,1,9,974,1,9,974,2,False,140,1,True
1562,974,1,9,974,2,9,974,1,False,140,1,True
1563,974,1,9,974,2,9,974,2,True,140,1,True
1564,974,1,9,974,1,9,975,1,True,140,1,True
1565,974,1,9,974,1,9,975,2,False,140,1,True
1566,974,1,9,974,2,9,975,1,False,140,1,True
1567,974,1,9,974,2,9,975,2,True,140,1,True
1568,974,1,9,975,1,9,140,1,True,140,1,True
1569,974,1,9,975,1,9,140,2,False,140,1,True
1570,974,1,9,975,2,9,140,1,False,140,1,True
1571,974,1,9,975,2,9,140,2,True,140,1,True
1572,974,1,9,975,1,9,973,1,True,140,1,True
1573,974,1,9,975,1,9,973,2,False,140,1,True
1574,974,1,9,975,2,9,973,1,False,140,1,True
1575,974,1,9,975,2,9,973,2,True,140,1,True
1576,974,1,9,975,1,9,974,1,True,140,1,True
1577,974,1,9,975,1,9,974,2,False,140,1,True
1578,974,1,9,975,2,9,974,1,False,140,1,True
1579,974,1,9,975,2,9,974,2,True,140,1,True
1580,974,1,9,975,1,9,975,1,True,140,1,True
1581,974,1,9,975,1,9,975,2,False,140,1,True
1582,974,1,9,975,2,9,975,1,False,140,1,True
1583,974,1,9,975,2,9,975,2,True,140,1,True
1584,974,1,9,974,1,9,140,2,False,140,2,False
1585,974,1,9,974,2,9,140,1,False,140,2,False
1586,974,1,9,974,2,9,140,2,True,140,2,False
1587,974,1,9,974,1,9,973,1,True,140,2,False
1588,974,1,9,974,1,9,973,2,False,140,2,False
1589,974,1,9,974,2,9,973,1,False,140,2,False
1590,974,1,9,974,2,9,973,2,True,140,2,False
1591,974,1,9,974,1,9,974,1,True,140,2,False
1592,974,1,9,974,1,9,974,2,False,140,2,False
1593,974,1,9,974,2,9,974,1,False,140,2,False
1594,974,1,9,974,2,9,974,2,True,140,2,False
1595,974,1,9,974,1,9,975,1,True,140,2,False
1596,974,1,9,974,1,9,975,2,False,140,2,False
1597,974,1,9,974,2,9,975,1,False,140,2,False
1598,974,1,9,974,2,9,975,2,True,140,2,False
1599,974,1,9,975,1,9,140,1,True,140,2,False
1600,974,1,9,975,1,9,140,2,False,140,2,False
1601,974,1,9,975,2,9,140,1,False,140,2,False
1602,974,1,9,975,2,9,140,2,True,140,2,False
1603,974,1,9,975,1,9,973,1,True,140,2,False
1604,974,1,9,975,1,9,973,2,False,140,2,False
1605,974,1,9,975,2,9,973,1,False,140,2,False
1606,974,1,9,975,2,9,973,2,True,140,2,False
1607,974,1,9,975,1,9,974,1,True,140,2,False
1608,974,1,9,975,1,9,974,2,False,140,2,False
1609,974,1,9,975,2,9,974,1,False,140,2,False
1610,974,1,9,975,2,9,974,2,True,140,2,False
1611,974,1,9,975,1,9,975,1,True,140,2,False
1612,974,1,9,975,1,9,975,2,False,140,2,False
1613,974,1,9,975,2,9,975,1,False,140,2,False
1614,974,1,9,975,2,9,975,2,True,140,2,False
1615,974,2,9,974,2,9,140,1,False,140,1,False
1616,974,2,9,974,2,9,140,2,True,140,1,False
1617,974,2,9,974,1,9,973,1,True,140,1,False
1618,974,2,9,974,1,9,973,2,False,140,1,False
1619,974,2,9,974,2,9,973,1,False,140,1,False
1620,974,2,9,974,2,9,973,2,True,140,1,False
1621,974,2,9,974,1,9,974,1,True,140,1,False
1622,974,2,9,974,1,9,974,2,False,140,1,False
1623,974,2,9,974,2,9,974,1,False,140,1,False
1624,974,2,9,974,2,9,974,2,True,140,1,False
1625,974,2,9,974,1,9,975,1,True,140,1,False
1626,974,2,9,974,1,9,975,2,False,140,1,False
1627,974,2,9,974,2,9,975,1,False,140,1,False
1628,974,2,9,974,2,9,975,2,True,140,1,False
1629,974,2,9,975,1,9,140,1,True,140,1,False
1630,974,2,9,975,1,9,140,2,False,140,1,False
1631,974,2,9,975,2,9,140,1,False,140,1,False
1632,974,2,9,975,2,9,140,2,True,140,1,False
1633,974,2,9,975,1,9,973,1,True,140,1,False
1634,974,2,9,975,1,9,973,2,False,140,1,False
1635,974,2,9,975,2,9,973,1,False,140,1,False
1636,974,2,9,975,2,9,973,2,True,140,1,False
1637,974,2,9,975,1,9,974,1,True,140,1,False
1638,974,2,9,975,1,9,974,2,False,140,1,False
1639,974,2,9,975,2,9,974,1,False,140,1,False
1640,974,2,9,975,2,9,974,2,True,140,1,False
1641,974,2,9,975,1,9,975,1,True,140,1,False
1642,974,2,9,975,1,9,975,2,False,140,1,False
1643,974,2,9,975,2,9,975,1,False,140,1,False
1644,974,2,9,975,2,9,975,2,True,140,1,False
1645,974,2,9,974,2,9,140,2,True,140,2,True
1646,974,2,9,974,1,9,973,1,True,140,2,True
1647,974,2,9,974,1,9,973,2,False,140,2,True
1648,974,2,9,974,2,9,973,1,False,140,2,True
1649,974,2,9,974,2,9,973,2,True,140,2,True
1650,974,2,9,974,1,9,974,1,True,140,2,True
1651,974,2,9,974,1,9,974,2,False,140,2,True
1652,974,2,9,974,2,9,974,1,False,140,2,True
1653,974,2,9,974,2,9,974,2,True,140,2,True
1654,974,2,9,974,1,9,975,1,True,140,2,True
1655,974,2,9,974,1,9,975,2,False,140,2,True
1656,974,2,9,974,2,9,975,1,False,140,2,True
1657,974,2,9,974,2,9,975,2,True,140,2,True
1658,974,2,9,975,1,9,140,1,True,140,2,True
1659,974,2,9,975,1,9,140,2,False,140,2,True
1660,974,2,9,975,2,9,140,1,False,140,2,True
1661,974,2,9,975,2,9,140,2,True,140,2,True
1662,974,2,9,975,1,9,973,1,True,140,2,True
1663,974,2,9,975,1,9,973,2,False,140,2,True
1664,974,2,9,975,2,9,973,1,False,140,2,True
1665,974,2,9,975,2,9,973,2,True,140,2,True
1666,974,2,9,975,1,9,974,1,True,140,2,True
1667,974,2,9,975,1,9,974,2,False,140,2,True
1668,974,2,9,975,2,9,974,1,False,140,2,True
1669,974,2,9,975,2,9,974,2,True,140,2,True
1670,974,2,9,975,1,9,975,1,True,140,2,True
1671,974,2,9,975,1,9,975,2,False,140,2,True
1672,974,2,9,975,2,9,975,1,False,140,2,True
1673,974,2,9,975,2,9,975,2,True,140,2,True
1674,974,1,9,974,1,9,973,1,True,973,1,True
1675,974,1,9,974,1,9,973,2,False,973,1,True
1676,974,1,9,974,2,9,973,1,False,973,1,True
1677,974,1,9,974,2,9,973,2,True,973,1,True
1678,974,1,9,974,1,9,974,1,True,973,1,True
1679,974,1,9,974,1,9,974,2,False,973,1,True
1680,974,1,9,974,2,9,974,1,False,973,1,True
1681,974,1,9,974,2,9,974,2,True,973,1,True
1682,974,1,9,974,1,9,975,1,True,973,1,True
1683,974,1,9,974,1,9,975,2,False,973,1,True
1684,974,1,9,974,2,9,975,1,False,973,1,True
1685,974,1,9,974,2,9,975,2,True,973,1,True
1686,974,1,9,975,1,9,140,1,True,973,1,True
1687,974,1,9,975,1,9,140,2,False,973,1,True
1688,974,1,9,975,2,9,140,1,False,973,1,True
1689,974,1,9,975,2,9,140,2,True,973,1,True
1690,974,1,9,975,1,9,973,1,True,973,1,True
1691,974,1,9,975,1,9,973,2,False,973,1,True
1692,974,1,9,975,2,9,973,1,False,973,1,True
1693,974,1,9,975,2,9,973,2,True,973,1,True
1694,974,1,9,975,1,9,974,1,True,973,1,True
1695,974,1,9,975,1,9,974,2,False,973,1,True
1696,974,1,9,975,2,9,974,1,False,973,1,True
1697,974,1,9,975,2,9,974,2,True,973,1,True
1698,974,1,9,975,1,9,975,1,True,973,1,True
1699,974,1,9,975,1,9,975,2,False,973,1,True
1700,974,1,9,975,2,9,975,1,False,973,1,True
1701,974,1,9,975,2,9,975,2,True,973,1,True
1702,974,1,9,974,1,9,973,2,False,973,2,False
1703,974,1,9,974,2,9,973,1,False,973,2,False
1704,974,1,9,974,2,9,973,2,True,973,2,False
1705,974,1,9,974,1,9,974,1,True,973,2,False
1706,974,1,9,974,1,9,974,2,False,973,2,False
1707,974,1,9,974,2,9,974,1,False,973,2,False
1708,974,1,9,974,2,9,974,2,True,973,2,False
1709,974,1,9,974,1,9,975,1,True,973,2,False
1710,974,1,9,974,1,9,975,2,False,973,2,False
1711,974,1,9,974,2,9,975,1,False,973,2,False
1712,974,1,9,974,2,9,975,2,True,973,2,False
1713,974,1,9,975,1,9,140,1,True,973,2,False
1714,974,1,9,975,1,9,140,2,False,973,2,False
1715,974,1,9,975,2,9,140,1,False,973,2,False
1716,974,1,9,975,2,9,140,2,True,973,2,False
1717,974,1,9,975,1,9,973,1,True,973,2,False
1718,974,1,9,975,1,9,973,2,False,973,2,False
1719,974,1,9,975,2,9,973,1,False,973,2,False
1720,974,1,9,975,2,9,973,2,True,973,2,False
1721,974,1,9,975,1,9,974,1,True,973,2,False
1722,974,1,9,975,1,9,974,2,False,973,2,False
1723,974,1,9,975,2,9,974,1,False,973,2,False
1724,974,1,9,975,2,9,974,2,True,973,2,False
1725,974,1,9,975,1,9,975,1,True,973,2,False
1726,974,1,9,975,1,9,975,2,False,973,2,False
1727,974,1,9,975,2,9,975,1,False,973,2,False
1728,974,1,9,975,2,9,975,2,True,973,2,False
1729,974,2,9,974,2,9,973,1,False,973,1,False
1730,974,2,9,974,2,9,973,2,True,973,1,False
1731,974,2,9,974,1,9,974,1,True,973,1,False
1732,974,2,9,974,1,9,974,2,False,973,1,False
1733,974,2,9,974,2,9,974,1,False,973,1,False
1734,974,2,9,974,2,9,974,2,True,973,1,False
1735,974,2,9,974,1,9,975,1,True,973,1,False
1736,974,2,9,974,1,9,975,2,False,973,1,False
1737,974,2,9,974,2,9,975,1,False,973,1,False
1738,974,2,9,974,2,9,975,2,True,973,1,False
1739,974,2,9,975,1,9,140,1,True,973,1,False
1740,974,2,9,975,1,9,140,2,False,973,1,False
1741,974,2,9,975,2,9,140,1,False,973,1,False
1742,974,2,9,975,2,9,140,2,True,973,1,False
1743,974,2,9,975,1,9,973,1,True,973,1,False
1744,974,2,9,975,1,9,973,2,False,973,1,False
1745,974,2,9,975,2,9,973,1,False,973,1,False
1746,974,2,9,975,2,9,973,2,True,973,1,False
1747,974,2,9,975,1,9,974,1,True,973,1,False
1748,974,2,9,975,1,9,974,2,False,973,1,False
1749,974,2,9,975,2,9,974,1,False,973,1,False
1750,974,2,9,975,2,9,974,2,True,973,1,False
1751,974,2,9,975,1,9,975,1,True,973,1,False
1752,974,2,9,975,1,9,975,2,False,973,1,False
1753,974,2,9,975,2,9,975,1,False,973,1,False
1754,974,2,9,975,2,9,975,2,True,973,1,False
1755,974,2,9,974,2,9,973,2,True,973,2,True
1756,974,2,9,974,1,9,974,1,True,973,2,True
1757,974,2,9,974,1,9,974,2,False,973,2,True
1758,974,2,9,974,2,9,974,1,False,973,2,True
1759,974,2,9,974,2,9,974,2,True,973,2,True
1760,974,2,9,974,1,9,975,1,True,973,2,True
1761,974,2,9,974,1,9,975,2,False,973,2,True
1762,974,2,9,974,2,9,975,1,False,973,2,True
1763,974,2,9,974,2,9,975,2,True,973,2,True
1764,974,2,9,975,1,9,140,1,True,973,2,True
1765,974,2,9,975,1,9,140,2,False,973,2,True
1766,974,2,9,975,2,9,140,1,False,973,2,True
1767,974,2,9,975,2,9,140,2,True,973,2,True
1768,974,2,9,975,1,9,973,1,True,973,2,True
1769,974,2,9,975,1,9,973,2,False,973,2,True
1770,974,2,9,975,2,9,973,1,False,973,2,True
1771,974,2,9,975,2,9,973,2,True,973,2,True
1772,974,2,9,975,1,9,974,1,True,973,2,True
1773,974,2,9,975,1,9,974,2,False,973,2,True
1774,974,2,9,975,2,9,974,1,False,973,2,True
1775,974,2,9,975,2,9,974,2,True,973,2,True
1776,974,2,9,975,1,9,975,1,True,973,2,True
1777,974,2,9,975,1,9,975,2,False,973,2,True
1778,974,2,9,975,2,9,975,1,False,973,2,True
1779,974,2,9,975,2,9,975,2,True,973,2,True
1780,974,1,9,974,1,9,974,1,True,974,1,True
1781,974,1,9,974,1,9,974,2,False,974,1,True
1782,974,1,9,974,2,9,974,1,False,974,1,True
1783,974,1,9,974,2,9,974,2,True,974,1,True
1784,974,1,9,974,1,9,975,1,True,974,1,True
1785,974,1,9,974,1,9,975,2,False,974,1,True
1786,974,1,9,974,2,9,975,1,False,974,1,True
1787,974,1,9,974,2,9,975,2,True,974,1,True
1788,974,1,9,975,1,9,140,1,True,974,1,True
1789,974,1,9,975,1,9,140,2,False,974,1,True
1790,974,1,9,975,2,9,140,1,False,974,1,True
1791,974,1,9,975,2,9,140,2,True,974,1,True
1792,974,1,9,975,1,9,973,1,True,974,1,True
1793,974,1,9,975,1,9,973,2,False,974,1,True
1794,974,1,9,975,2,9,973,1,False,974,1,True
1795,974,1,9,975,2,9,973,2,True,974,1,True
1796,974,1,9,975,1,9,974,1,True,974,1,True
1797,974,1,9,975,1,9,974,2,False,974,1,True
1798,974,1,9,975,2,9,974,1,False,974,1,True
1799,974,1,9,975,2,9,974,2,True,974,1,True
1800,974,1,9,975,1,9,975,1,True,974,1,True
1801,974,1,9,975,1,9,975,2,False,974,1,True
1802,974,1,9,975,2,9,975,1,False,974,1,True
1803,974,1,9,975,2,9,975,2,True,974,1,True
1804,974,1,9,974,1,9,974,2,False,974,2,False
1805,974,1,9,974,2,9,974,1,False,974,2,False
1806,974,1,9,974,2,9,974,2,True,974,2,False
1807,974,1,9,974,1,9,975,1,True,974,2,False
1808,974,1,9,974,1,9,975,2,False,974,2,False
1809,974,1,9,974,2,9,975,1,False,974,2,False
1810,974,1,9,974,2,9,975,2,True,974,2,False
1811,974,1,9,975,1,9,140,1,True,974,2,False
1812,974,1,9,975,1,9,140,2,False,974,2,False
1813,974,1,9,975,2,9,140,1,False,974,2,False
1814,974,1,9,975,2,9,140,2,True,974,2,False
1815,974,1,9,975,1,9,973,1,True,974,2,False
1816,974,1,9,975,1,9,973,2,False,974,2,False
1817,974,1,9,975,2,9,973,1,False,974,2,False
1818,974,1,9,975,2,9,973,2,True,974,2,False
1819,974,1,9,975,1,9,974,1,True,974,2,False
1820,974,1,9,975,1,9,974,2,False,974,2,False
1821,974,1,9,975,2,9,974,1,False,974,2,False
1822,974,1,9,975,2,9,974,2,True,974,2,False
1823,974,1,9,975,1,9,975,1,True,974,2,False
1824,974,1,9,975,1,9,975,2,False,974,2,False
1825,974,1,9,975,2,9,975,1,False,974,2,False
1826,974,1,9,975,2,9,975,2,True,974,2,False
1827,974,2,9,974,2,9,974,1,False,974,1,False
1828,974,2,9,974,2,9,974,2,True,974,1,False
1829,974,2,9,974,1,9,975,1,True,974,1,False
1830,974,2,9,974,1,9,975,2,False,974,1,False
1831,974,2,9,974,2,9,975,1,False,974,1,False
1832,974,2,9,974,2,9,975,2,True,974,1,False
1833,974,2,9,975,1,9,140,1,True,974,1,False
1834,974,2,9,975,1,9,140,2,False,974,1,False
1835,974,2,9,975,2,9,140,1,False,974,1,False
1836,974,2,9,975,2,9,140,2,True,974,1,False
1837,974,2,9,975,1,9,973,1,True,974,1,False
1838,974,2,9,975,1,9,973,2,False,974,1,False
1839,974,2,9,975,2,9,973,1,False,974,1,False
1840,974,2,9,975,2,9,973,2,True,974,1,False
1841,974,2,9,975,1,9,974,1,True,974,1,False
1842,974,2,9,975,1,9,974,2,False,974,1,False
1843,974,2,9,975,2,9,974,1,False,974,1,False
1844,974,2,9,975,2,9,974,2,True,974,1,False
1845,974,2,9,975,1,9,975,1,True,974,1,False
1846,974,2,9,975,1,9,975,2,False,974,1,False
1847,974,2,9,975,2,9,975,1,False,974,1,False
1848,974,2,9,975,2,9,975,2,True,974,1,False
1849,974,2,9,974,2,9,974,2,True,974,2,True
1850,974,2,9,974,1,9,975,1,True,974,2,True
1851,974,2,9,974,1,9,975,2,False,974,2,True
1852,974,2,9,974,2,9,975,1,False,974,2,True
1853,974,2,9,974,2,9,975,2,True,974,2,True
1854,974,2,9,975,1,9,140,1,True,974,2,True
1855,974,2,9,975,1,9,140,2,False,974,2,True
1856,974,2,9,975,2,9,140,1,False,974,2,True
1857,974,2,9,975,2,9,140,2,True,974,2,True
1858,974,2,9,975,1,9,973,1,True,974,2,True
1859,974,2,9,975,1,9,973,2,False,974,2,True
1860,974,2,9,975,2,9,973,1,False,974,2,True
1861,974,2,9,975,2,9,973,2,True,974,2,True
1862,974,2,9,975,1,9,974,1,True,974,2,True
1863,974,2,9,975,1,9,974,2,False,974,2,True
1864,974,2,9,975,2,9,974,1,False,974,2,True
1865,974,2,9,975,2,9,974,2,True,974,2,True
1866,974,2,9,975,1,9,975,1,True,974,2,True
1867,974,2,9,975,1,9,975,2,False,974,2,True
1868,974,2,9,975,2,9,975,1,False,974,2,True
1869,974,2,9,975,2,9,975,2,True,974,2,True
1870,974,1,9,974,1,9,975,1,True,975,1,True
1871,974,1,9,974,1,9,975,2,False,975,1,True
1872,974,1,9,974,2,9,975,1,False,975,1,True
1873,974,1,9,974,2,9,975,2,True,975,1,True
1874,974,1,9,975,1,9,140,1,True,975,1,True
1875,974,1,9,975,1,9,140,2,False,975,1,True
1876,974,1,9,975,2,9,140,1,False,975,1,True
1877,974,1,9,975,2,9,140,2,True,975,1,True
1878,974,1,9,975,1,9,973,1,True,975,1,True
1879,974,1,9,975,1,9,973,2,False,975,1,True
1880,974,1,9,975,2,9,973,1,False,975,1,True
1881,974,1,9,975,2,9,973,2,True,975,1,True
1882,974,1,9,975,1,9,974,1,True,975,1,True
1883,974,1,9,975,1,9,974,2,False,975,1,True
1884,974,1,9,975,2,9,974,1,False,975,1,True
1885,974,1,9,975,2,9,974,2,True,975,1,True
1886,974,1,9,975,1,9,975,1,True,975,1,True
1887,974,1,9,975,1,9,975,2,False,975,1,True
1888,974,1,9,975,2,9,975,1,False,975,1,True
1889,974,1,9,975,2,9,975,2,True,975,1,True
1890,974,1,9,974,1,9,975,2,False,975,2,False
1891,974,1,9,974,2,9,975,1,False,975,2,False
1892,974,1,9,974,2,9,975,2,True,975,2,False
1893,974,1,9,975,1,9,140,1,True,975,2,False
1894,974,1,9,975,1,9,140,2,False,975,2,False
1895,974,1,9,975,2,9,140,1,False,975,2,False
1896,974,1,9,975,2,9,140,2,True,975,2,False
1897,974,1,9,975,1,9,973,1,True,975,2,False
1898,974,1,9,975,1,9,973,2,False,975,2,False
1899,974,1,9,975,2,9,973,1,False,975,2,False
1900,974,1,9,975,2,9,973,2,True,975,2,False
1901,974,1,9,975,1,9,974,1,True,975,2,False
1902,974,1,9,975,1,9,974,2,False,975,2,False
1903,974,1,9,975,2,9,974,1,False,975,2,False
1904,974,1,9,975,2,9,974,2,True,975,2,False
1905,974,1,9,975,1,9,975,1,True,975,2,False
1906,974,1,9,975,1,9,975,2,False,975,2,False
1907,974,1,9,975,2,9,975,1,False,975,2,False
1908,974,1,9,975,2,9,975,2,True,975,2,False
1909,974,2,9,974,2,9,975,1,False,975,1,False
1910,974,2,9,974,2,9,975,2,True,975,1,False
1911,974,2,9,975,1,9,140,1,True,975,1,False
1912,974,2,9,975,1,9,140,2,False,975,1,False
1913,974,2,9,975,2,9,140,1,False,975,1,False
1914,974,2,9,975,2,9,140,2,True,975,1,False
1915,974,2,9,975,1,9,973,1,True,975,1,False
1916,974,2,9,975,1,9,973,2,False,975,1,False
1917,974,2,9,975,2,9,973,1,False,975,1,False
1918,974,2,9,975,2,9,973,2,True,975,1,False
1919,974,2,9,975,1,9,974,1,True,975,1,False
1920,974,2,9,975,1,9,974,2,False,975,1,False
1921,974,2,9,975,2,9,974,1,False,975,1,False
1922,974,2,9,975,2,9,974,2,True,975,1,False
1923,974,2,9,975,1,9,975,1,True,975,1,False
1924,974,2,9,975,1,9,975,2,False,975,1,False
1925,974,2,9,975,2,9,975,1,False,975,1,False
1926,974,2,9,975,2,9,975,2,True,975,1,False
1927,974,2,9,974,2,9,975,2,True,975,2,True
1928,974,2,9,975,1,9,140,1,True,975,2,True
1929,974,2,9,975,1,9,140,2,False,975,2,True
1930,974,2,9,975,2,9,140,1,False,975,2,True
1931,974,2,9,975,2,9,140,2,True,975,2,True
1932,974,2,9,975,1,9,973,1,True,975,2,True
1933,974,2,9,975,1,9,973,2,False,975,2,True
1934,974,2,9,975,2,9,973,1,False,975,2,True
1935,974,2,9,975,2,9,973,2,True,975,2,True
1936,974,2,9,975,1,9,974,1,True,975,2,True
1937,974,2,9,975,1,9,974,2,False,975,2,True
1938,974,2,9,975,2,9,974,1,False,975,2,True
1939,974,2,9,975,2,9,974,2,True,975,2,True
1940,974,2,9,975,1,9,975,1,True,975,2,True
1941,974,2,9,975,1,9,975,2,False,975,2,True
1942,974,2,9,975,2,9,975,1,False,975,2,True
1943,974,2,9,975,2,9,975,2,True,975,2,True
1944,975,1,9,975,1,9,140,1,True,140,1,True
1945,975,1,9,975,1,9,140,2,False,140,1,True
1946,975,1,9,975,2,9,140,1,False,140,1,True
1947,975,1,9,975,2,9,140,2,True,140,1,True
1948,975,1,9,975,1,9,973,1,True,140,1,True
1949,975,1,9,975,1,9,973,2,False,140,1,True
1950,975,1,9,975,2,9,973,1,False,140,1,True
1951,975,1,9,975,2,9,973,2,True,140,1,True
1952,975,1,9,975,1,9,974,1,True,140,1,True
1953,975,1,9,975,1,9,974,2,False,140,1,True
1954,975,1,9,975,2,9,974,1,False,140,1,True
1955,975,1,9,975,2,9,974,2,True,140,1,True
1956,975,1,9,975,1,9,975,1,True,140,1,True
1957,975,1,9,975,1,9,975,2,False,140,1,True
1958,975,1,9,975,2,9,975,1,False,140,1,True
1959,975,1,9,975,2,9,975,2,True,140,1,True
1960,975,1,9,975,1,9,140,2,False,140,2,False
1961,975,1,9,975,2,9,140,1,False,140,2,False
1962,975,1,9,975,2,9,140,2,True,140,2,False
1963,975,1,9,975,1,9,973,1,True,140,2,False
1964,975,1,9,975,1,9,973,2,False,140,2,False
1965,975,1,9,975,2,9,973,1,False,140,2,False
1966,975,1,9,975,2,9,973,2,True,140,2,False
1967,975,1,9,975,1,9,974,1,True,140,2,False
1968,975,1,9,975,1,9,974,2,False,140,2,False
1969,975,1,9,975,2,9,974,1,False,140,2,False
1970,975,1,9,975,2,9,974,2,True,140,2,False
1971,975,1,9,975,1,9,975,1,True,140,2,False
1972,975,1,9,975,1,9,975,2,False,140,2,False
1973,975,1,9,975,2,9,975,1,False,140,2,False
1974,975,1,9,975,2,9,975,2,True,140,2,False
1975,975,2,9,975,2,9,140,1,False,140,1,False
1976,975,2,9,975,2,9,140,2,True,140,1,False
1977,975,2,9,975,1,9,973,1,True,140,1,False
1978,975,2,9,975,1,9,973,2,False,140,1,False
1979,975,2,9,975,2,9,973,1,False,140,1,False
1980,975,2,9,975,2,9,973,2,True,140,1,False
1981,975,2,9,975,1,9,974,1,True,140,1,False
1982,975,2,9,975,1,9,974,2,False,140,1,False
1983,975,2,9,975,2,9,974,1,False,140,1,False
1984,975,2,9,975,2,9,974,2,True,140,1,False
1985,975,2,9,975,1,9,975,1,True,140,1,False
1986,975,2,9,975,1,9,975,2,False,140,1,False
1987,975,2,9,975,2,9,975,1,False,140,1,False
1988,975,2,9,975,2,9,975,2,True,140,1,False
1989,975,2,9,975,2,9,140,2,True,140,2,True
1990,975,2,9,975,1,9,973,1,True,140,2,True
1991,975,2,9,975,1,9,973,2,False,140,2,True
1992,975,2,9,975,2,9,973,1,False,140,2,True
1993,975,2,9,975,2,9,973,2,True,140,2,True
1994,975,2,9,975,1,9,974,1,True,140,2,True
1995,975,2,9,975,1,9,974,2,False,140,2,True
1996,975,2,9,975,2,9,974,1,False,140,2,True
1997,975,2,9,975,2,9,974,2,True,140,2,True
1998,975,2,9,975,1,9,975,1,True,140,2,True
1999,975,2,9,975,1,9,975,2,False,140,2,True
2000,975,2,9,975,2,9,975,1,False,140,2,True
2001,975,2,9,975,2,9,975,2,True,140,2,True
2002,975,1,9,975,1,9,973,1,True,973,1,True
2003,975,1,9,975,1,9,973,2,False,973,1,True
2004,975,1,9,975,2,9,973,1,False,973,1,True
2005,975,1,9,975,2,9,973,2,True,973,1,True
2006,975,1,9,975,1,9,974,1,True,973,1,True
2007,975,1,9,975,1,9,974,2,False,973,1,True
2008,975,1,9,975,2,9,974,1,False,973,1,True
2009,975,1,9,975,2,9,974,2,True,973,1,True
2010,975,1,9,975,1,9,975,1,True,973,1,True
2011,975,1,9,975,1,9,975,2,False,973,1,True
2012,975,1,9,975,2,9,975,1,False,973,1,True
2013,975,1,9,975,2,9,975,2,True,973,1,True
2014,975,1,9,975,1,9,973,2,False,973,2,False
2015,975,1,9,975,2,9,973,1,False,973,2,False
2016,975,1,9,975,2,9,973,2,True,973,2,False
2017,975,1,9,975,1,9,974,1,True,973,2,False
2018,975,1,9,975,1,9,974,2,False,973,2,False
2019,975,1,9,975,2,9,974,1,False,973,2,False
2020,975,1,9,975,2,9,974,2,True,973,2,False
2021,975,1,9,975,1,9,975,1,True,973,2,False
2022,975,1,9,975,1,9,975,2,False,973,2,False
2023,975,1,9,975,2,9,975,1,False,973,2,False
2024,975,1,9,975,2,9,975,2,True,973,2,False
2025,975,2,9,975,2,9,973,1,False,973,1,False
2026,975,2,9,975,2,9,973,2,True,973,1,False
2027,975,2,9,975,1,9,974,1,True,973,1,False
2028,975,2,9,975,1,9,974,2,False,973,1,False
2029,975,2,9,975,2,9,974,1,False,973,1,False
2030,975,2,9,975,2,9,974,2,True,973,1,False
2031,975,2,9,975,1,9,975,1,True,973,1,False
2032,975,2,9,975,1,9,975,2,False,973,1,False
2033,975,2,9,975,2,9,975,1,False,973,1,False
2034,975,2,9,975,2,9,975,2,True,973,1,False
2035,975,2,9,975,2,9,973,2,True,973,2,True
2036,975,2,9,975,1,9,974,1,True,973,2,True
2037,975,2,9,975,1,9,974,2,False,973,2,True
2038,975,2,9,975,2,9,974,1,False,973,2,True
2039,975,2,9,975,2,9,974,2,True,973,2,True
2040,975,2,9,975,1,9,975,1,True,973,2,True
2041,975,2,9,975,1,9,975,2,False,973,2,True
2042,975,2,9,975,2,9,975,1,False,973,2,True
2043,975,2,9,975,2,9,975,2,True,973,2,True
2044,975,1,9,975,1,9,974,1,True,974,1,True
2045,975,1,9,975,1,9,974,2,False,974,1,True
2046,975,1,9,975,2,9,974,1,False,974,1,True
2047,975,1,9,975,2,9,974,2,True,974,1,True
2048,975,1,9,975,1,9,975,1,True,974,1,True
2049,975,1,9,975,1,9,975,2,False,974,1,True
2050,975,1,9,975,2,9,975,1,False,974,1,True
2051,975,1,9,975,2,9,975,2,True,974,1,True
2052,975,1,9,975,1,9,974,2,False,974,2,False
2053,975,1,9,975,2,9,974,1,False,974,2,False
2054,975,1,9,975,2,9,974,2,True,974,2,False
2055,975,1,9,975,1,9,975,1,True,974,2,False
2056,975,1,9,975,1,9,975,2,False,974,2,False
2057,975,1,9,975,2,9,975,1,False,974,2,False
2058,975,1,9,975,2,9,975,2,True,974,2,False
2059,975,2,9,975,2,9,974,1,False,974,1,False
2060,975,2,9,975,2,9,974,2,True,974,1,False
2061,975,2,9,975,1,9,975,1,True,974,1,False
2062,975,2,9,975,1,9,975,2,False,974,1,False
2063,975,2,9,975,2,9,975,1,False,974,1,False
2064,975,2,9,975,2,9,975,2,True,974,1,False
2065,975,2,9,975,2,9,974,2,True,974,2,True
2066,975,2,9,975,1,9,975,1,True,974,2,True
2067,975,2,9,975,1,9,975,2,False,974,2,True
2068,975,2,9,975,2,9,975,1,False,974,2,True
2069,975,2,9,975,2,9,975,2,True,974,2,True
2070,975,1,9,975,1,9,975,1,True,975,1,True
2071,975,1,9,975,1,9,975,2,False,975,1,True
2072,975,1,9,975,2,9,975,1,False,975,1,True
2073,975,1,9,975,2,9,975,2,True,975,1,True
2074,975,1,9,975,1,9,975,2,False,975,2,False
2075,975,1,9,975,2,9,975,1,False,975,2,False
2076,975,1,9,975,2,9,975,2,True,975,2,False
2077,975,2,9,975,2,9,975,1,False,975,1,False
2078,975,2,9,975,2,9,975,2,True,975,1,False
2079,975,2,9,975,2,9,975,2,True,975,2,True
